truncate table branches
SET IDENTITY_INSERT [dbo].[branches] ON 
INSERT INTO branches (id,isDeleted,isActive,name,street,city,country,postalCode,phoneNumber,branchCode,branchNumber,province,website,hierarchy,createdBy,editedBy,createdAt,updatedAt) VALUES ('8', '0', '1', 'Hetauda', 'Hetauda', '30', 'Nepal', '977', '9855068414', '130', '', '3', '', '', '1', '', '3/22/22', '3/22/22');
INSERT INTO branches (id,isDeleted,isActive,name,street,city,country,postalCode,phoneNumber,branchCode,branchNumber,province,website,hierarchy,createdBy,editedBy,createdAt,updatedAt) VALUES ('9', '0', '1', 'Bharatpur', 'Bharatpur', '24', 'Nepal', '977', '9855061207', '131', '', '3', '', '', '1', '', '3/23/22', '3/23/22');
INSERT INTO branches (id,isDeleted,isActive,name,street,city,country,postalCode,phoneNumber,branchCode,branchNumber,province,website,hierarchy,createdBy,editedBy,createdAt,updatedAt) VALUES ('10', '0', '1', 'Mahendranagar', 'Mahendranagar', '77', 'Nepal', '977', '9858750192', '418', '', '7', '', '', '1', '', '3/24/22', '3/24/22');
INSERT INTO branches (id,isDeleted,isActive,name,street,city,country,postalCode,phoneNumber,branchCode,branchNumber,province,website,hierarchy,createdBy,editedBy,createdAt,updatedAt) VALUES ('11', '0', '1', 'Bhajani', 'Bhajani', '76', 'Nepal', '977', '9858422155', '415', '', '7', '', '', '1', '', '3/25/22', '3/25/22');
INSERT INTO branches (id,isDeleted,isActive,name,street,city,country,postalCode,phoneNumber,branchCode,branchNumber,province,website,hierarchy,createdBy,editedBy,createdAt,updatedAt) VALUES ('12', '0', '1', 'Attariya', 'Attariya', '76', 'Nepal', '977', '9858421904', '424', '', '7', '', '', '1', '', '3/26/22', '3/26/22');
INSERT INTO branches (id,isDeleted,isActive,name,street,city,country,postalCode,phoneNumber,branchCode,branchNumber,province,website,hierarchy,createdBy,editedBy,createdAt,updatedAt) VALUES ('13', '0', '1', 'Dhangadhi', 'Dhangadhi', '76', 'Nepal', '977', '9858421731', '417', '', '7', '', '', '1', '', '3/27/22', '3/27/22');
INSERT INTO branches (id,isDeleted,isActive,name,street,city,country,postalCode,phoneNumber,branchCode,branchNumber,province,website,hierarchy,createdBy,editedBy,createdAt,updatedAt) VALUES ('14', '0', '1', 'Jumla', 'Jumla', '63', 'Nepal', '977', '9858320518', '403', '', '6', '', '', '1', '', '3/28/22', '3/28/22');
INSERT INTO branches (id,isDeleted,isActive,name,street,city,country,postalCode,phoneNumber,branchCode,branchNumber,province,website,hierarchy,createdBy,editedBy,createdAt,updatedAt) VALUES ('15', '0', '1', 'Manma', 'Manma', '64', 'Nepal', '977', '9858320052', '412', '', '6', '', '', '1', '', '3/29/22', '3/29/22');
INSERT INTO branches (id,isDeleted,isActive,name,street,city,country,postalCode,phoneNumber,branchCode,branchNumber,province,website,hierarchy,createdBy,editedBy,createdAt,updatedAt) VALUES ('16', '0', '1', 'Dailekh', 'Dailekh', '59', 'Nepal', '977', '9858051319', '401', '', '6', '', '', '1', '', '3/30/22', '3/30/22');
INSERT INTO branches (id,isDeleted,isActive,name,street,city,country,postalCode,phoneNumber,branchCode,branchNumber,province,website,hierarchy,createdBy,editedBy,createdAt,updatedAt) VALUES ('17', '0', '1', 'Surkhet', 'Surkhet', '67', 'Nepal', '977', '9858051291', '408', '', '6', '', '', '1', '', '3/31/22', '3/31/22');
INSERT INTO branches (id,isDeleted,isActive,name,street,city,country,postalCode,phoneNumber,branchCode,branchNumber,province,website,hierarchy,createdBy,editedBy,createdAt,updatedAt) VALUES ('18', '0', '1', 'Dullu', 'Dullu', '59', 'Nepal', '977', '9858050219', '434', '', '6', '', '', '1', '', '4/1/22', '4/1/22');
INSERT INTO branches (id,isDeleted,isActive,name,street,city,country,postalCode,phoneNumber,branchCode,branchNumber,province,website,hierarchy,createdBy,editedBy,createdAt,updatedAt) VALUES ('19', '0', '1', 'Tribhuwanchowk', 'Tribhuwanchowk', '48', 'Nepal', '977', '9858032555', '427', '', '5', '', '', '1', '', '4/2/22', '4/2/22');
INSERT INTO branches (id,isDeleted,isActive,name,street,city,country,postalCode,phoneNumber,branchCode,branchNumber,province,website,hierarchy,createdBy,editedBy,createdAt,updatedAt) VALUES ('20', '0', '1', 'Chaurjahari', 'Chaurjahari', '68', 'Nepal', '977', '9858029009', '433', '', '6', '', '', '1', '', '4/3/22', '4/3/22');
INSERT INTO branches (id,isDeleted,isActive,name,street,city,country,postalCode,phoneNumber,branchCode,branchNumber,province,website,hierarchy,createdBy,editedBy,createdAt,updatedAt) VALUES ('21', '0', '1', 'Bhurigaun', 'Bhurigaun', '49', 'Nepal', '977', '9858024385', '447', '', '5', '', '', '1', '', '4/4/22', '4/4/22');
INSERT INTO branches (id,isDeleted,isActive,name,street,city,country,postalCode,phoneNumber,branchCode,branchNumber,province,website,hierarchy,createdBy,editedBy,createdAt,updatedAt) VALUES ('22', '0', '1', 'Gulariya', 'Gulariya', '49', 'Nepal', '977', '9858024155', '414', '', '5', '', '', '1', '', '4/5/22', '4/5/22');
INSERT INTO branches (id,isDeleted,isActive,name,street,city,country,postalCode,phoneNumber,branchCode,branchNumber,province,website,hierarchy,createdBy,editedBy,createdAt,updatedAt) VALUES ('23', '0', '1', 'Kohalpur', 'Kohalpur', '48', 'Nepal', '977', '9858023475', '428', '', '5', '', '', '1', '', '4/6/22', '4/6/22');
INSERT INTO branches (id,isDeleted,isActive,name,street,city,country,postalCode,phoneNumber,branchCode,branchNumber,province,website,hierarchy,createdBy,editedBy,createdAt,updatedAt) VALUES ('24', '0', '1', 'Lumbini proviencial office Nepalgunj', 'Lumbini proviencial office Nepalgunj', '48', 'Nepal', '977', '9858020564', '400', '', '5', '', '', '1', '', '4/7/22', '4/7/22');
INSERT INTO branches (id,isDeleted,isActive,name,street,city,country,postalCode,phoneNumber,branchCode,branchNumber,province,website,hierarchy,createdBy,editedBy,createdAt,updatedAt) VALUES ('25', '0', '1', 'Nepalgunj', 'Nepalgunj', '48', 'Nepal', '977', '9858020504', '413', '', '5', '', '', '1', '', '4/8/22', '4/8/22');
INSERT INTO branches (id,isDeleted,isActive,name,street,city,country,postalCode,phoneNumber,branchCode,branchNumber,province,website,hierarchy,createdBy,editedBy,createdAt,updatedAt) VALUES ('26', '0', '1', 'Narayanpur', 'Narayanpur', '50', 'Nepal', '977', '9857832918', '436', '', '5', '', '', '1', '', '4/9/22', '4/9/22');
INSERT INTO branches (id,isDeleted,isActive,name,street,city,country,postalCode,phoneNumber,branchCode,branchNumber,province,website,hierarchy,createdBy,editedBy,createdAt,updatedAt) VALUES ('27', '0', '1', 'Bijuwar', 'Bijuwar', '56', 'Nepal', '977', '9857831893', '443', '', '5', '', '', '1', '', '4/10/22', '4/10/22');
INSERT INTO branches (id,isDeleted,isActive,name,street,city,country,postalCode,phoneNumber,branchCode,branchNumber,province,website,hierarchy,createdBy,editedBy,createdAt,updatedAt) VALUES ('28', '0', '1', 'Lamahi', 'Lamahi', '50', 'Nepal', '977', '9857831425', '429', '', '5', '', '', '1', '', '4/11/22', '4/11/22');
INSERT INTO branches (id,isDeleted,isActive,name,street,city,country,postalCode,phoneNumber,branchCode,branchNumber,province,website,hierarchy,createdBy,editedBy,createdAt,updatedAt) VALUES ('29', '0', '1', 'Tulsipur', 'Tulsipur', '50', 'Nepal', '977', '9857821332', '416', '', '5', '', '', '1', '', '4/12/22', '4/12/22');
INSERT INTO branches (id,isDeleted,isActive,name,street,city,country,postalCode,phoneNumber,branchCode,branchNumber,province,website,hierarchy,createdBy,editedBy,createdAt,updatedAt) VALUES ('30', '0', '1', 'Patichour', 'Patichour', '44', 'Nepal', '977', '9857628354', '344', '', '4', '', '', '1', '', '4/13/22', '4/13/22');
INSERT INTO branches (id,isDeleted,isActive,name,street,city,country,postalCode,phoneNumber,branchCode,branchNumber,province,website,hierarchy,createdBy,editedBy,createdAt,updatedAt) VALUES ('31', '0', '1', 'Kusma', 'Kusma', '44', 'Nepal', '977', '9857622655', '340', '', '4', '', '', '1', '', '4/14/22', '4/14/22');
INSERT INTO branches (id,isDeleted,isActive,name,street,city,country,postalCode,phoneNumber,branchCode,branchNumber,province,website,hierarchy,createdBy,editedBy,createdAt,updatedAt) VALUES ('32', '0', '1', 'Benibazar', 'Benibazar', '42', 'Nepal', '977', '9857622455', '334', '', '4', '', '', '1', '', '4/15/22', '4/15/22');
INSERT INTO branches (id,isDeleted,isActive,name,street,city,country,postalCode,phoneNumber,branchCode,branchNumber,province,website,hierarchy,createdBy,editedBy,createdAt,updatedAt) VALUES ('33', '0', '1', 'Baglungbazar', 'Baglungbazar', '36', 'Nepal', '977', '9857622355', '337', '', '4', '', '', '1', '', '4/16/22', '4/16/22');
INSERT INTO branches (id,isDeleted,isActive,name,street,city,country,postalCode,phoneNumber,branchCode,branchNumber,province,website,hierarchy,createdBy,editedBy,createdAt,updatedAt) VALUES ('34', '0', '1', 'Rampur', 'Rampur', '55', 'Nepal', '977', '9857062075', '351', '', '5', '', '', '1', '', '4/17/22', '4/17/22');
INSERT INTO branches (id,isDeleted,isActive,name,street,city,country,postalCode,phoneNumber,branchCode,branchNumber,province,website,hierarchy,createdBy,editedBy,createdAt,updatedAt) VALUES ('35', '0', '1', 'Gulmi', 'Gulmi', '52', 'Nepal', '977', '9857061560', '301', '', '5', '', '', '1', '', '4/18/22', '4/18/22');
INSERT INTO branches (id,isDeleted,isActive,name,street,city,country,postalCode,phoneNumber,branchCode,branchNumber,province,website,hierarchy,createdBy,editedBy,createdAt,updatedAt) VALUES ('36', '0', '1', 'Sandhikharka', 'Sandhikharka', '47', 'Nepal', '977', '9857061155', '305', '', '5', '', '', '1', '', '4/19/22', '4/19/22');
INSERT INTO branches (id,isDeleted,isActive,name,street,city,country,postalCode,phoneNumber,branchCode,branchNumber,province,website,hierarchy,createdBy,editedBy,createdAt,updatedAt) VALUES ('37', '0', '1', 'Palpa', 'Palpa', '55', 'Nepal', '977', '9857060994', '303', '', '5', '', '', '1', '', '4/20/22', '4/20/22');
INSERT INTO branches (id,isDeleted,isActive,name,street,city,country,postalCode,phoneNumber,branchCode,branchNumber,province,website,hierarchy,createdBy,editedBy,createdAt,updatedAt) VALUES ('38', '0', '1', 'Aryabhanjyang', 'Aryabhanjyang', '55', 'Nepal', '977', '9857060350', '314', '', '5', '', '', '1', '', '4/21/22', '4/21/22');
INSERT INTO branches (id,isDeleted,isActive,name,street,city,country,postalCode,phoneNumber,branchCode,branchNumber,province,website,hierarchy,createdBy,editedBy,createdAt,updatedAt) VALUES ('39', '0', '1', 'Taulihawa', 'Taulihawa', '53', 'Nepal', '977', '9857052595', '311', '', '5', '', '', '1', '', '4/22/22', '4/22/22');
INSERT INTO branches (id,isDeleted,isActive,name,street,city,country,postalCode,phoneNumber,branchCode,branchNumber,province,website,hierarchy,createdBy,editedBy,createdAt,updatedAt) VALUES ('40', '0', '1', 'Kotihawa', 'Kotihawa', '58', 'Nepal', '977', '9857035339', '339', '', '5', '', '', '1', '', '4/23/22', '4/23/22');
INSERT INTO branches (id,isDeleted,isActive,name,street,city,country,postalCode,phoneNumber,branchCode,branchNumber,province,website,hierarchy,createdBy,editedBy,createdAt,updatedAt) VALUES ('41', '0', '1', 'Ramnagarbazar', 'Ramnagarbazar', '58', 'Nepal', '977', '9857033336', '336', '', '5', '', '', '1', '', '4/24/22', '4/24/22');
INSERT INTO branches (id,isDeleted,isActive,name,street,city,country,postalCode,phoneNumber,branchCode,branchNumber,province,website,hierarchy,createdBy,editedBy,createdAt,updatedAt) VALUES ('42', '0', '1', 'Kawasoti', 'Kawasoti', '43', 'Nepal', '977', '9857030180', '320', '', '4', '', '', '1', '', '4/25/22', '4/25/22');
INSERT INTO branches (id,isDeleted,isActive,name,street,city,country,postalCode,phoneNumber,branchCode,branchNumber,province,website,hierarchy,createdBy,editedBy,createdAt,updatedAt) VALUES ('43', '0', '1', 'Bardaghat', 'Bardaghat', '54', 'Nepal', '977', '9857030079', '333', '', '5', '', '', '1', '', '4/26/22', '4/26/22');
INSERT INTO branches (id,isDeleted,isActive,name,street,city,country,postalCode,phoneNumber,branchCode,branchNumber,province,website,hierarchy,createdBy,editedBy,createdAt,updatedAt) VALUES ('44', '0', '1', 'Butwal Khasauli', 'Butwal Khasauli', '58', 'Nepal', '977', '9857030078', '312', '', '5', '', '', '1', '', '4/27/22', '4/27/22');
INSERT INTO branches (id,isDeleted,isActive,name,street,city,country,postalCode,phoneNumber,branchCode,branchNumber,province,website,hierarchy,createdBy,editedBy,createdAt,updatedAt) VALUES ('45', '0', '1', 'Sukkhabandargaha Bhairahawa', 'Sukkhabandargaha Bhairahawa', '58', 'Nepal', '977', '9857024349', '349', '', '5', '', '', '1', '', '4/28/22', '4/28/22');
INSERT INTO branches (id,isDeleted,isActive,name,street,city,country,postalCode,phoneNumber,branchCode,branchNumber,province,website,hierarchy,createdBy,editedBy,createdAt,updatedAt) VALUES ('46', '0', '1', 'Parasi', 'Parasi', '54', 'Nepal', '977', '9857046342', '310', '', '5', '', '', '1', '', '4/29/22', '4/29/22');
INSERT INTO branches (id,isDeleted,isActive,name,street,city,country,postalCode,phoneNumber,branchCode,branchNumber,province,website,hierarchy,createdBy,editedBy,createdAt,updatedAt) VALUES ('47', '0', '1', 'Sunwal', 'Sunwal', '54', 'Nepal', '977', '9857024341', '341', '', '5', '', '', '1', '', '4/30/22', '4/30/22');
INSERT INTO branches (id,isDeleted,isActive,name,street,city,country,postalCode,phoneNumber,branchCode,branchNumber,province,website,hierarchy,createdBy,editedBy,createdAt,updatedAt) VALUES ('48', '0', '1', 'Bhairahawa', 'Bhairahawa', '58', 'Nepal', '977', '9857049308', '308', '', '5', '', '', '1', '', '5/1/22', '5/1/22');
INSERT INTO branches (id,isDeleted,isActive,name,street,city,country,postalCode,phoneNumber,branchCode,branchNumber,province,website,hierarchy,createdBy,editedBy,createdAt,updatedAt) VALUES ('49', '0', '1', 'Damauli', 'Damauli', '46', 'Nepal', '977', '9856063655', '352', '', '4', '', '', '1', '', '5/2/22', '5/2/22');
INSERT INTO branches (id,isDeleted,isActive,name,street,city,country,postalCode,phoneNumber,branchCode,branchNumber,province,website,hierarchy,createdBy,editedBy,createdAt,updatedAt) VALUES ('50', '0', '1', 'Aanbukhaireni', 'Aanbukhaireni', '46', 'Nepal', '977', '9856060055', '319', '', '4', '', '', '1', '', '5/3/22', '5/3/22');
INSERT INTO branches (id,isDeleted,isActive,name,street,city,country,postalCode,phoneNumber,branchCode,branchNumber,province,website,hierarchy,createdBy,editedBy,createdAt,updatedAt) VALUES ('51', '0', '1', 'Syangjabazar', 'Syangjabazar', '45', 'Nepal', '977', '9856050287', '347', '', '4', '', '', '1', '', '5/4/22', '5/4/22');
INSERT INTO branches (id,isDeleted,isActive,name,street,city,country,postalCode,phoneNumber,branchCode,branchNumber,province,website,hierarchy,createdBy,editedBy,createdAt,updatedAt) VALUES ('52', '0', '1', 'Besishahar', 'Besishahar', '39', 'Nepal', '977', '9856045025', '304', '', '4', '', '', '1', '', '5/5/22', '5/5/22');
INSERT INTO branches (id,isDeleted,isActive,name,street,city,country,postalCode,phoneNumber,branchCode,branchNumber,province,website,hierarchy,createdBy,editedBy,createdAt,updatedAt) VALUES ('53', '0', '1', 'Bhachhek', 'Bhachhek', '37', 'Nepal', '977', '9856040311', '324', '', '4', '', '', '1', '', '5/6/22', '5/6/22');
INSERT INTO branches (id,isDeleted,isActive,name,street,city,country,postalCode,phoneNumber,branchCode,branchNumber,province,website,hierarchy,createdBy,editedBy,createdAt,updatedAt) VALUES ('54', '0', '1', 'Gorkha', 'Gorkha', '37', 'Nepal', '977', '9856040310', '306', '', '4', '', '', '1', '', '5/7/22', '5/7/22');
INSERT INTO branches (id,isDeleted,isActive,name,street,city,country,postalCode,phoneNumber,branchCode,branchNumber,province,website,hierarchy,createdBy,editedBy,createdAt,updatedAt) VALUES ('55', '0', '1', 'Pardi', 'Pardi', '38', 'Nepal', '977', '9856033470', '350', '', '4', '', '', '1', '', '5/8/22', '5/8/22');
INSERT INTO branches (id,isDeleted,isActive,name,street,city,country,postalCode,phoneNumber,branchCode,branchNumber,province,website,hierarchy,createdBy,editedBy,createdAt,updatedAt) VALUES ('56', '0', '1', 'Talchowk', 'Talchowk', '38', 'Nepal', '977', '9856033134', '346', '', '4', '', '', '1', '', '5/9/22', '5/9/22');
INSERT INTO branches (id,isDeleted,isActive,name,street,city,country,postalCode,phoneNumber,branchCode,branchNumber,province,website,hierarchy,createdBy,editedBy,createdAt,updatedAt) VALUES ('57', '0', '1', 'Prithwichowk', 'Prithwichowk', '38', 'Nepal', '977', '9856031302', '302', '', '4', '', '', '1', '', '5/10/22', '5/10/22');
INSERT INTO branches (id,isDeleted,isActive,name,street,city,country,postalCode,phoneNumber,branchCode,branchNumber,province,website,hierarchy,createdBy,editedBy,createdAt,updatedAt) VALUES ('58', '0', '1', 'Mahendrapul', 'Mahendrapul', '38', 'Nepal', '977', '9856031084', '343', '', '4', '', '', '1', '', '5/11/22', '5/11/22');
INSERT INTO branches (id,isDeleted,isActive,name,street,city,country,postalCode,phoneNumber,branchCode,branchNumber,province,website,hierarchy,createdBy,editedBy,createdAt,updatedAt) VALUES ('59', '0', '1', 'Amarsinghchowk', 'Amarsinghchowk', '38', 'Nepal', '977', '9856031079', '348', '', '4', '', '', '1', '', '5/12/22', '5/12/22');
INSERT INTO branches (id,isDeleted,isActive,name,street,city,country,postalCode,phoneNumber,branchCode,branchNumber,province,website,hierarchy,createdBy,editedBy,createdAt,updatedAt) VALUES ('60', '0', '1', 'Gandaki proviencial office Pokhara', 'Gandaki proviencial office Pokhara', '38', 'Nepal', '977', '9856024883', '345', '', '4', '', '', '1', '', '5/13/22', '5/13/22');
INSERT INTO branches (id,isDeleted,isActive,name,street,city,country,postalCode,phoneNumber,branchCode,branchNumber,province,website,hierarchy,createdBy,editedBy,createdAt,updatedAt) VALUES ('61', '0', '1', 'Parsadhap', 'Parsadhap', '24', 'Nepal', '977', '9855064707', '150', '', '3', '', '', '1', '', '5/14/22', '5/14/22');
INSERT INTO branches (id,isDeleted,isActive,name,street,city,country,postalCode,phoneNumber,branchCode,branchNumber,province,website,hierarchy,createdBy,editedBy,createdAt,updatedAt) VALUES ('62', '0', '1', 'Narayangadh', 'Narayangadh', '24', 'Nepal', '977', '9855060313', '162', '', '3', '', '', '1', '', '5/15/22', '5/15/22');
INSERT INTO branches (id,isDeleted,isActive,name,street,city,country,postalCode,phoneNumber,branchCode,branchNumber,province,website,hierarchy,createdBy,editedBy,createdAt,updatedAt) VALUES ('63', '0', '1', 'Gaidakot', 'Gaidakot', '43', 'Nepal', '977', '9855052335', '335', '', '4', '', '', '1', '', '5/16/22', '5/16/22');
INSERT INTO branches (id,isDeleted,isActive,name,street,city,country,postalCode,phoneNumber,branchCode,branchNumber,province,website,hierarchy,createdBy,editedBy,createdAt,updatedAt) VALUES ('64', '0', '1', 'Kalaiya', 'Kalaiya', '15', 'Nepal', '977', '9855025855', '126', '', '2', '', '', '1', '', '5/17/22', '5/17/22');
INSERT INTO branches (id,isDeleted,isActive,name,street,city,country,postalCode,phoneNumber,branchCode,branchNumber,province,website,hierarchy,createdBy,editedBy,createdAt,updatedAt) VALUES ('65', '0', '1', 'Garudabazar', 'Garudabazar', '19', 'Nepal', '977', '9855025301', '171', '', '2', '', '', '1', '', '5/18/22', '5/18/22');
INSERT INTO branches (id,isDeleted,isActive,name,street,city,country,postalCode,phoneNumber,branchCode,branchNumber,province,website,hierarchy,createdBy,editedBy,createdAt,updatedAt) VALUES ('66', '0', '1', 'Shreepur', 'Shreepur', '18', 'Nepal', '977', '9855025237', '133', '', '2', '', '', '1', '', '5/19/22', '5/19/22');
INSERT INTO branches (id,isDeleted,isActive,name,street,city,country,postalCode,phoneNumber,branchCode,branchNumber,province,website,hierarchy,createdBy,editedBy,createdAt,updatedAt) VALUES ('67', '0', '1', 'Gaur', 'Gaur', '19', 'Nepal', '977', '9855025208', '121', '', '2', '', '', '1', '', '5/20/22', '5/20/22');
INSERT INTO branches (id,isDeleted,isActive,name,street,city,country,postalCode,phoneNumber,branchCode,branchNumber,province,website,hierarchy,createdBy,editedBy,createdAt,updatedAt) VALUES ('68', '0', '1', 'Nijgadh', 'Nijgadh', '15', 'Nepal', '977', '9855024261', '129', '', '2', '', '', '1', '', '5/21/22', '5/21/22');
INSERT INTO branches (id,isDeleted,isActive,name,street,city,country,postalCode,phoneNumber,branchCode,branchNumber,province,website,hierarchy,createdBy,editedBy,createdAt,updatedAt) VALUES ('69', '0', '1', 'Birgunj', 'Birgunj', '18', 'Nepal', '977', '9855022860', '125', '', '2', '', '', '1', '', '5/22/22', '5/22/22');
INSERT INTO branches (id,isDeleted,isActive,name,street,city,country,postalCode,phoneNumber,branchCode,branchNumber,province,website,hierarchy,createdBy,editedBy,createdAt,updatedAt) VALUES ('70', '0', '1', 'Madhesh Proviencial Office Birgunj', 'Birgunj', '18', 'Nepal', '977', '9855021109', '178', '', '2', '', '', '1', '', '5/23/22', '5/23/22');
INSERT INTO branches (id,isDeleted,isActive,name,street,city,country,postalCode,phoneNumber,branchCode,branchNumber,province,website,hierarchy,createdBy,editedBy,createdAt,updatedAt) VALUES ('71', '0', '1', 'Sindhuli', 'Sindhuli', '34', 'Nepal', '977', '9854041155', '106', '', '3', '', '', '1', '', '5/24/22', '5/24/22');
INSERT INTO branches (id,isDeleted,isActive,name,street,city,country,postalCode,phoneNumber,branchCode,branchNumber,province,website,hierarchy,createdBy,editedBy,createdAt,updatedAt) VALUES ('72', '0', '1', 'Ramechhap', 'Ramechhap', '32', 'Nepal', '977', '9854040057', '102', '', '3', '', '', '1', '', '5/25/22', '5/25/22');
INSERT INTO branches (id,isDeleted,isActive,name,street,city,country,postalCode,phoneNumber,branchCode,branchNumber,province,website,hierarchy,createdBy,editedBy,createdAt,updatedAt) VALUES ('73', '0', '1', 'Manthali', 'Manthali', '32', 'Nepal', '977', '9854040056', '168', '', '3', '', '', '1', '', '5/26/22', '5/26/22');
INSERT INTO branches (id,isDeleted,isActive,name,street,city,country,postalCode,phoneNumber,branchCode,branchNumber,province,website,hierarchy,createdBy,editedBy,createdAt,updatedAt) VALUES ('74', '0', '1', 'Lalbandi', 'Lalbandi', '21', 'Nepal', '977', '9854035801', '128', '', '2', '', '', '1', '', '5/27/22', '5/27/22');
INSERT INTO branches (id,isDeleted,isActive,name,street,city,country,postalCode,phoneNumber,branchCode,branchNumber,province,website,hierarchy,createdBy,editedBy,createdAt,updatedAt) VALUES ('75', '0', '1', 'Jaleshwor', 'Jaleshwor', '17', 'Nepal', '977', '9854030494', '127', '', '2', '', '', '1', '', '5/28/22', '5/28/22');
INSERT INTO branches (id,isDeleted,isActive,name,street,city,country,postalCode,phoneNumber,branchCode,branchNumber,province,website,hierarchy,createdBy,editedBy,createdAt,updatedAt) VALUES ('76', '0', '1', 'Bardibas', 'Bardibas', '17', 'Nepal', '977', '9854030021', '158', '', '2', '', '', '1', '', '5/29/22', '5/29/22');
INSERT INTO branches (id,isDeleted,isActive,name,street,city,country,postalCode,phoneNumber,branchCode,branchNumber,province,website,hierarchy,createdBy,editedBy,createdAt,updatedAt) VALUES ('77', '0', '1', 'Dhanusha Mahendranagar', 'Dhanusha Mahendranagar', '16', 'Nepal', '977', '9854025429', '124', '', '2', '', '', '1', '', '5/30/22', '5/30/22');
INSERT INTO branches (id,isDeleted,isActive,name,street,city,country,postalCode,phoneNumber,branchCode,branchNumber,province,website,hierarchy,createdBy,editedBy,createdAt,updatedAt) VALUES ('78', '0', '1', 'Janakpur', 'Janakpur', '16', 'Nepal', '977', '9854024554', '122', '', '2', '', '', '1', '', '5/31/22', '5/31/22');
INSERT INTO branches (id,isDeleted,isActive,name,street,city,country,postalCode,phoneNumber,branchCode,branchNumber,province,website,hierarchy,createdBy,editedBy,createdAt,updatedAt) VALUES ('79', '0', '1', 'Pidarichowk', 'Pidarichowk', '16', 'Nepal', '977', '9854024553', '152', '', '2', '', '', '1', '', '6/1/22', '6/1/22');
INSERT INTO branches (id,isDeleted,isActive,name,street,city,country,postalCode,phoneNumber,branchCode,branchNumber,province,website,hierarchy,createdBy,editedBy,createdAt,updatedAt) VALUES ('80', '0', '1', 'Jadukoha', 'Jadukoha', '16', 'Nepal', '977', '9854023656', '145', '', '2', '', '', '1', '', '6/2/22', '6/2/22');
INSERT INTO branches (id,isDeleted,isActive,name,street,city,country,postalCode,phoneNumber,branchCode,branchNumber,province,website,hierarchy,createdBy,editedBy,createdAt,updatedAt) VALUES ('81', '0', '1', 'Salleri', 'Salleri', '10', 'Nepal', '977', '9852851155', '202', '', '1', '', '', '1', '', '6/3/22', '6/3/22');
INSERT INTO branches (id,isDeleted,isActive,name,street,city,country,postalCode,phoneNumber,branchCode,branchNumber,province,website,hierarchy,createdBy,editedBy,createdAt,updatedAt) VALUES ('82', '0', '1', 'Lukla', 'Lukla', '10', 'Nepal', '977', '9852850555', '258', '', '1', '', '', '1', '', '6/4/22', '6/4/22');
INSERT INTO branches (id,isDeleted,isActive,name,street,city,country,postalCode,phoneNumber,branchCode,branchNumber,province,website,hierarchy,createdBy,editedBy,createdAt,updatedAt) VALUES ('83', '0', '1', 'Namchebazar', 'Namchebazar', '10', 'Nepal', '977', '9852850023', '227', '', '1', '', '', '1', '', '6/5/22', '6/5/22');
INSERT INTO branches (id,isDeleted,isActive,name,street,city,country,postalCode,phoneNumber,branchCode,branchNumber,province,website,hierarchy,createdBy,editedBy,createdAt,updatedAt) VALUES ('84', '0', '1', 'Diktel', 'Diktel', '5', 'Nepal', '977', '9852849155', '206', '', '1', '', '', '1', '', '6/6/22', '6/6/22');
INSERT INTO branches (id,isDeleted,isActive,name,street,city,country,postalCode,phoneNumber,branchCode,branchNumber,province,website,hierarchy,createdBy,editedBy,createdAt,updatedAt) VALUES ('85', '0', '1', 'Okhaldhunga', 'Okhaldhunga', '7', 'Nepal', '977', '9852840207', '207', '', '1', '', '', '1', '', '6/7/22', '6/7/22');
INSERT INTO branches (id,isDeleted,isActive,name,street,city,country,postalCode,phoneNumber,branchCode,branchNumber,province,website,hierarchy,createdBy,editedBy,createdAt,updatedAt) VALUES ('86', '0', '1', 'Sukhipur', 'Sukhipur', '22', 'Nepal', '977', '9852832525', '239', '', '2', '', '', '1', '', '6/8/22', '6/8/22');
INSERT INTO branches (id,isDeleted,isActive,name,street,city,country,postalCode,phoneNumber,branchCode,branchNumber,province,website,hierarchy,createdBy,editedBy,createdAt,updatedAt) VALUES ('87', '0', '1', 'Mirchaiya', 'Mirchaiya', '22', 'Nepal', '977', '9852832523', '215', '', '2', '', '', '1', '', '6/9/22', '6/9/22');
INSERT INTO branches (id,isDeleted,isActive,name,street,city,country,postalCode,phoneNumber,branchCode,branchNumber,province,website,hierarchy,createdBy,editedBy,createdAt,updatedAt) VALUES ('88', '0', '1', 'Gaighat', 'Gaighat', '14', 'Nepal', '977', '9852832374', '209', '', '1', '', '', '1', '', '6/10/22', '6/10/22');
INSERT INTO branches (id,isDeleted,isActive,name,street,city,country,postalCode,phoneNumber,branchCode,branchNumber,province,website,hierarchy,createdBy,editedBy,createdAt,updatedAt) VALUES ('89', '0', '1', 'Siraha', 'Siraha', '22', 'Nepal', '977', '9852832295', '213', '', '2', '', '', '1', '', '6/11/22', '6/11/22');
INSERT INTO branches (id,isDeleted,isActive,name,street,city,country,postalCode,phoneNumber,branchCode,branchNumber,province,website,hierarchy,createdBy,editedBy,createdAt,updatedAt) VALUES ('90', '0', '1', 'Lahan', 'Lahan', '22', 'Nepal', '977', '9852832195', '226', '', '2', '', '', '1', '', '6/12/22', '6/12/22');
INSERT INTO branches (id,isDeleted,isActive,name,street,city,country,postalCode,phoneNumber,branchCode,branchNumber,province,website,hierarchy,createdBy,editedBy,createdAt,updatedAt) VALUES ('91', '0', '1', 'Katari', 'Katari', '14', 'Nepal', '977', '9852831055', '205', '', '1', '', '', '1', '', '6/13/22', '6/13/22');
INSERT INTO branches (id,isDeleted,isActive,name,street,city,country,postalCode,phoneNumber,branchCode,branchNumber,province,website,hierarchy,createdBy,editedBy,createdAt,updatedAt) VALUES ('92', '0', '1', 'Kathauna', 'Kathauna', '20', 'Nepal', '977', '9852823835', '232', '', '2', '', '', '1', '', '6/14/22', '6/14/22');
INSERT INTO branches (id,isDeleted,isActive,name,street,city,country,postalCode,phoneNumber,branchCode,branchNumber,province,website,hierarchy,createdBy,editedBy,createdAt,updatedAt) VALUES ('93', '0', '1', 'Beltar', 'Beltar', '14', 'Nepal', '977', '9852820735', '237', '', '1', '', '', '1', '', '6/15/22', '6/15/22');
INSERT INTO branches (id,isDeleted,isActive,name,street,city,country,postalCode,phoneNumber,branchCode,branchNumber,province,website,hierarchy,createdBy,editedBy,createdAt,updatedAt) VALUES ('94', '0', '1', 'Rajbiraj', 'Rajbiraj', '20', 'Nepal', '977', '9852820716', '218', '', '2', '', '', '1', '', '6/16/22', '6/16/22');
INSERT INTO branches (id,isDeleted,isActive,name,street,city,country,postalCode,phoneNumber,branchCode,branchNumber,province,website,hierarchy,createdBy,editedBy,createdAt,updatedAt) VALUES ('95', '0', '1', 'Hanumannagar', 'Hanumannagar', '20', 'Nepal', '977', '9852820681', '223', '', '2', '', '', '1', '', '6/17/22', '6/17/22');
INSERT INTO branches (id,isDeleted,isActive,name,street,city,country,postalCode,phoneNumber,branchCode,branchNumber,province,website,hierarchy,createdBy,editedBy,createdAt,updatedAt) VALUES ('96', '0', '1', 'Phidim', 'Phidim', '8', 'Nepal', '977', '9852681708', '247', '', '1', '', '', '1', '', '6/18/22', '6/18/22');
INSERT INTO branches (id,isDeleted,isActive,name,street,city,country,postalCode,phoneNumber,branchCode,branchNumber,province,website,hierarchy,createdBy,editedBy,createdAt,updatedAt) VALUES ('97', '0', '1', 'Ilambazar', 'Ilambazar', '3', 'Nepal', '977', '9852680933', '246', '', '1', '', '', '1', '', '6/19/22', '6/19/22');
INSERT INTO branches (id,isDeleted,isActive,name,street,city,country,postalCode,phoneNumber,branchCode,branchNumber,province,website,hierarchy,createdBy,editedBy,createdAt,updatedAt) VALUES ('98', '0', '1', 'Phikkal', 'Phikkal', '3', 'Nepal', '977', '9852680877', '210', '', '1', '', '', '1', '', '6/20/22', '6/20/22');
INSERT INTO branches (id,isDeleted,isActive,name,street,city,country,postalCode,phoneNumber,branchCode,branchNumber,province,website,hierarchy,createdBy,editedBy,createdAt,updatedAt) VALUES ('99', '0', '1', 'Pashupatinagar', 'Pashupatinagar', '3', 'Nepal', '977', '9852680303', '228', '', '1', '', '', '1', '', '6/21/22', '6/21/22');
INSERT INTO branches (id,isDeleted,isActive,name,street,city,country,postalCode,phoneNumber,branchCode,branchNumber,province,website,hierarchy,createdBy,editedBy,createdAt,updatedAt) VALUES ('100', '0', '1', 'Bhadrapur', 'Bhadrapur', '4', 'Nepal', '977', '9852678881', '221', '', '1', '', '', '1', '', '6/22/22', '6/22/22');
INSERT INTO branches (id,isDeleted,isActive,name,street,city,country,postalCode,phoneNumber,branchCode,branchNumber,province,website,hierarchy,createdBy,editedBy,createdAt,updatedAt) VALUES ('101', '0', '1', 'Shivagunj', 'Shivagunj', '4', 'Nepal', '977', '9852676420', '217', '', '1', '', '', '1', '', '6/23/22', '6/23/22');
INSERT INTO branches (id,isDeleted,isActive,name,street,city,country,postalCode,phoneNumber,branchCode,branchNumber,province,website,hierarchy,createdBy,editedBy,createdAt,updatedAt) VALUES ('102', '0', '1', 'Damak', 'Damak', '4', 'Nepal', '977', '9852676307', '214', '', '1', '', '', '1', '', '6/24/22', '6/24/22');
INSERT INTO branches (id,isDeleted,isActive,name,street,city,country,postalCode,phoneNumber,branchCode,branchNumber,province,website,hierarchy,createdBy,editedBy,createdAt,updatedAt) VALUES ('103', '0', '1', 'Birtamod', 'Birtamod', '4', 'Nepal', '977', '9852674572', '262', '', '1', '', '', '1', '', '6/25/22', '6/25/22');
INSERT INTO branches (id,isDeleted,isActive,name,street,city,country,postalCode,phoneNumber,branchCode,branchNumber,province,website,hierarchy,createdBy,editedBy,createdAt,updatedAt) VALUES ('104', '0', '1', 'Duhabi', 'Duhabi', '11', 'Nepal', '977', '9852057425', '234', '', '1', '', '', '1', '', '6/26/22', '6/26/22');
INSERT INTO branches (id,isDeleted,isActive,name,street,city,country,postalCode,phoneNumber,branchCode,branchNumber,province,website,hierarchy,createdBy,editedBy,createdAt,updatedAt) VALUES ('105', '0', '1', 'Pathari', 'Pathari', '6', 'Nepal', '977', '9852054995', '256', '', '1', '', '', '1', '', '6/27/22', '6/27/22');
INSERT INTO branches (id,isDeleted,isActive,name,street,city,country,postalCode,phoneNumber,branchCode,branchNumber,province,website,hierarchy,createdBy,editedBy,createdAt,updatedAt) VALUES ('106', '0', '1', 'Inaruwa', 'Inaruwa', '11', 'Nepal', '977', '9852054322', '222', '', '1', '', '', '1', '', '6/28/22', '6/28/22');
INSERT INTO branches (id,isDeleted,isActive,name,street,city,country,postalCode,phoneNumber,branchCode,branchNumber,province,website,hierarchy,createdBy,editedBy,createdAt,updatedAt) VALUES ('107', '0', '1', 'Belbari', 'Belbari', '6', 'Nepal', '977', '9852054099', '243', '', '1', '', '', '1', '', '6/29/22', '6/29/22');
INSERT INTO branches (id,isDeleted,isActive,name,street,city,country,postalCode,phoneNumber,branchCode,branchNumber,province,website,hierarchy,createdBy,editedBy,createdAt,updatedAt) VALUES ('108', '0', '1', 'Itahari', 'Itahari', '11', 'Nepal', '977', '9852054075', '255', '', '1', '', '', '1', '', '6/30/22', '6/30/22');
INSERT INTO branches (id,isDeleted,isActive,name,street,city,country,postalCode,phoneNumber,branchCode,branchNumber,province,website,hierarchy,createdBy,editedBy,createdAt,updatedAt) VALUES ('109', '0', '1', 'Urlabari', 'Urlabari', '6', 'Nepal', '977', '9852054018', '260', '', '1', '', '', '1', '', '7/1/22', '7/1/22');
INSERT INTO branches (id,isDeleted,isActive,name,street,city,country,postalCode,phoneNumber,branchCode,branchNumber,province,website,hierarchy,createdBy,editedBy,createdAt,updatedAt) VALUES ('110', '0', '1', 'Jeettpur', 'Jeettpur', '2', 'Nepal', '977', '9852053575', '235', '', '1', '', '', '1', '', '7/2/22', '7/2/22');
INSERT INTO branches (id,isDeleted,isActive,name,street,city,country,postalCode,phoneNumber,branchCode,branchNumber,province,website,hierarchy,createdBy,editedBy,createdAt,updatedAt) VALUES ('111', '0', '1', 'Bhojpur', 'Bhojpur', '1', 'Nepal', '977', '9852052155', '204', '', '1', '', '', '1', '', '7/3/22', '7/3/22');
INSERT INTO branches (id,isDeleted,isActive,name,street,city,country,postalCode,phoneNumber,branchCode,branchNumber,province,website,hierarchy,createdBy,editedBy,createdAt,updatedAt) VALUES ('112', '0', '1', 'Dingla', 'Dingla', '1', 'Nepal', '977', '9852051959', '229', '', '1', '', '', '1', '', '7/4/22', '7/4/22');
INSERT INTO branches (id,isDeleted,isActive,name,street,city,country,postalCode,phoneNumber,branchCode,branchNumber,province,website,hierarchy,createdBy,editedBy,createdAt,updatedAt) VALUES ('113', '0', '1', 'Khandbari', 'Khandbari', '9', 'Nepal', '977', '9852051560', '208', '', '1', '', '', '1', '', '7/5/22', '7/5/22');
INSERT INTO branches (id,isDeleted,isActive,name,street,city,country,postalCode,phoneNumber,branchCode,branchNumber,province,website,hierarchy,createdBy,editedBy,createdAt,updatedAt) VALUES ('114', '0', '1', 'Chainpur', 'Chainpur', '9', 'Nepal', '977', '9852051209', '203', '', '1', '', '', '1', '', '7/6/22', '7/6/22');
INSERT INTO branches (id,isDeleted,isActive,name,street,city,country,postalCode,phoneNumber,branchCode,branchNumber,province,website,hierarchy,createdBy,editedBy,createdAt,updatedAt) VALUES ('115', '0', '1', 'Hile', 'Hile', '2', 'Nepal', '977', '9852050586', '211', '', '1', '', '', '1', '', '7/7/22', '7/7/22');
INSERT INTO branches (id,isDeleted,isActive,name,street,city,country,postalCode,phoneNumber,branchCode,branchNumber,province,website,hierarchy,createdBy,editedBy,createdAt,updatedAt) VALUES ('116', '0', '1', 'Dhankuta', 'Dhankuta', '2', 'Nepal', '977', '9852050370', '201', '', '1', '', '', '1', '', '7/8/22', '7/8/22');
INSERT INTO branches (id,isDeleted,isActive,name,street,city,country,postalCode,phoneNumber,branchCode,branchNumber,province,website,hierarchy,createdBy,editedBy,createdAt,updatedAt) VALUES ('117', '0', '1', 'Dharan', 'Dharan', '11', 'Nepal', '977', '9852049866', '216', '', '1', '', '', '1', '', '7/9/22', '7/9/22');
INSERT INTO branches (id,isDeleted,isActive,name,street,city,country,postalCode,phoneNumber,branchCode,branchNumber,province,website,hierarchy,createdBy,editedBy,createdAt,updatedAt) VALUES ('118', '0', '1', 'Sijuwabazar', 'Sijuwabazar', '6', 'Nepal', '977', '9852029518', '259', '', '1', '', '', '1', '', '7/10/22', '7/10/22');
INSERT INTO branches (id,isDeleted,isActive,name,street,city,country,postalCode,phoneNumber,branchCode,branchNumber,province,website,hierarchy,createdBy,editedBy,createdAt,updatedAt) VALUES ('119', '0', '1', 'Bargachhi', 'Bargachhi', '6', 'Nepal', '977', '9852028210', '225', '', '1', '', '', '1', '', '7/11/22', '7/11/22');
INSERT INTO branches (id,isDeleted,isActive,name,street,city,country,postalCode,phoneNumber,branchCode,branchNumber,province,website,hierarchy,createdBy,editedBy,createdAt,updatedAt) VALUES ('120', '0', '1', 'Devkotachowk', 'Devkotachowk', '6', 'Nepal', '977', '9852026732', '261', '', '1', '', '', '1', '', '7/12/22', '7/12/22');
INSERT INTO branches (id,isDeleted,isActive,name,street,city,country,postalCode,phoneNumber,branchCode,branchNumber,province,website,hierarchy,createdBy,editedBy,createdAt,updatedAt) VALUES ('121', '0', '1', 'Sukkhabandargaha Biratnagar', 'Sukkhabandargaha Biratnagar', '6', 'Nepal', '977', '9852026723', '263', '', '1', '', '', '1', '', '7/13/22', '7/13/22');
INSERT INTO branches (id,isDeleted,isActive,name,street,city,country,postalCode,phoneNumber,branchCode,branchNumber,province,website,hierarchy,createdBy,editedBy,createdAt,updatedAt) VALUES ('122', '0', '1', 'Biratnagar', 'Biratnagar', '6', 'Nepal', '977', '9852022049', '212', '', '1', '', '', '1', '', '7/14/22', '7/14/22');
INSERT INTO branches (id,isDeleted,isActive,name,street,city,country,postalCode,phoneNumber,branchCode,branchNumber,province,website,hierarchy,createdBy,editedBy,createdAt,updatedAt) VALUES ('123', '0', '1', '1 No. proviencial office Biratnagar', '1 No. proviencial office Biratnagar', '6', 'Nepal', '977', '9852021830', '200', '', '1', '', '', '1', '', '7/15/22', '7/15/22');
INSERT INTO branches (id,isDeleted,isActive,name,street,city,country,postalCode,phoneNumber,branchCode,branchNumber,province,website,hierarchy,createdBy,editedBy,createdAt,updatedAt) VALUES ('124', '0', '1', 'Kharanitar', 'Kharanitar', '31', 'Nepal', '977', '9851237168', '149', '', '3', '', '', '1', '', '7/16/22', '7/16/22');
INSERT INTO branches (id,isDeleted,isActive,name,street,city,country,postalCode,phoneNumber,branchCode,branchNumber,province,website,hierarchy,createdBy,editedBy,createdAt,updatedAt) VALUES ('125', '0', '1', 'Lubhu', 'Lubhu', '29', 'Nepal', '977', '9851151355', '135', '', '3', '', '', '1', '', '7/17/22', '7/17/22');
INSERT INTO branches (id,isDeleted,isActive,name,street,city,country,postalCode,phoneNumber,branchCode,branchNumber,province,website,hierarchy,createdBy,editedBy,createdAt,updatedAt) VALUES ('126', '0', '1', 'Pharping', 'Pharping', '27', 'Nepal', '977', '9851220700', '120', '', '3', '', '', '1', '', '7/18/22', '7/18/22');
INSERT INTO branches (id,isDeleted,isActive,name,street,city,country,postalCode,phoneNumber,branchCode,branchNumber,province,website,hierarchy,createdBy,editedBy,createdAt,updatedAt) VALUES ('127', '0', '1', 'Thamel', 'Thamel', '27', 'Nepal', '977', '9851126444', '110', '', '3', '', '', '1', '', '7/19/22', '7/19/22');
INSERT INTO branches (id,isDeleted,isActive,name,street,city,country,postalCode,phoneNumber,branchCode,branchNumber,province,website,hierarchy,createdBy,editedBy,createdAt,updatedAt) VALUES ('128', '0', '1', 'Budhanilkantha', 'Budhanilkantha', '27', 'Nepal', '977', '9851126222', '166', '', '3', '', '', '1', '', '7/20/22', '7/20/22');
INSERT INTO branches (id,isDeleted,isActive,name,street,city,country,postalCode,phoneNumber,branchCode,branchNumber,province,website,hierarchy,createdBy,editedBy,createdAt,updatedAt) VALUES ('129', '0', '1', 'Dhulikhel', 'Dhulikhel', '28', 'Nepal', '977', '9851125496', '104', '', '3', '', '', '1', '', '7/21/22', '7/21/22');
INSERT INTO branches (id,isDeleted,isActive,name,street,city,country,postalCode,phoneNumber,branchCode,branchNumber,province,website,hierarchy,createdBy,editedBy,createdAt,updatedAt) VALUES ('130', '0', '1', 'Teku', 'Teku', '27', 'Nepal', '977', '9851125357', '170', '', '3', '', '', '1', '', '7/22/22', '7/22/22');
INSERT INTO branches (id,isDeleted,isActive,name,street,city,country,postalCode,phoneNumber,branchCode,branchNumber,province,website,hierarchy,createdBy,editedBy,createdAt,updatedAt) VALUES ('131', '0', '1', 'Pulchowk', 'Pulchowk', '29', 'Nepal', '977', '9851125252', '114', '', '3', '', '', '1', '', '7/23/22', '7/23/22');
INSERT INTO branches (id,isDeleted,isActive,name,street,city,country,postalCode,phoneNumber,branchCode,branchNumber,province,website,hierarchy,createdBy,editedBy,createdAt,updatedAt) VALUES ('132', '0', '1', 'Maitidevi', 'Maitidevi', '27', 'Nepal', '977', '9851125251', '155', '', '3', '', '', '1', '', '7/24/22', '7/24/22');
INSERT INTO branches (id,isDeleted,isActive,name,street,city,country,postalCode,phoneNumber,branchCode,branchNumber,province,website,hierarchy,createdBy,editedBy,createdAt,updatedAt) VALUES ('133', '0', '1', 'Thapathali', 'Thapathali', '27', 'Nepal', '977', '9851125169', '143', '', '3', '', '', '1', '', '7/25/22', '7/25/22');
INSERT INTO branches (id,isDeleted,isActive,name,street,city,country,postalCode,phoneNumber,branchCode,branchNumber,province,website,hierarchy,createdBy,editedBy,createdAt,updatedAt) VALUES ('134', '0', '1', 'Kalanki', 'Kalanki', '27', 'Nepal', '977', '9851125162', '175', '', '3', '', '', '1', '', '7/26/22', '7/26/22');
INSERT INTO branches (id,isDeleted,isActive,name,street,city,country,postalCode,phoneNumber,branchCode,branchNumber,province,website,hierarchy,createdBy,editedBy,createdAt,updatedAt) VALUES ('135', '0', '1', 'Thimi', 'Thimi', '23', 'Nepal', '977', '9851125155', '111', '', '3', '', '', '1', '', '7/27/22', '7/27/22');
INSERT INTO branches (id,isDeleted,isActive,name,street,city,country,postalCode,phoneNumber,branchCode,branchNumber,province,website,hierarchy,createdBy,editedBy,createdAt,updatedAt) VALUES ('136', '0', '1', 'Gaushala', 'Gaushala', '27', 'Nepal', '977', '9851125118', '134', '', '3', '', '', '1', '', '7/28/22', '7/28/22');
INSERT INTO branches (id,isDeleted,isActive,name,street,city,country,postalCode,phoneNumber,branchCode,branchNumber,province,website,hierarchy,createdBy,editedBy,createdAt,updatedAt) VALUES ('137', '0', '1', 'Kirtipur', 'Kirtipur', '27', 'Nepal', '977', '9851125109', '117', '', '3', '', '', '1', '', '7/29/22', '7/29/22');
INSERT INTO branches (id,isDeleted,isActive,name,street,city,country,postalCode,phoneNumber,branchCode,branchNumber,province,website,hierarchy,createdBy,editedBy,createdAt,updatedAt) VALUES ('138', '0', '1', 'Maharajgunj', 'Maharajgunj', '27', 'Nepal', '977', '9851125091', '115', '', '3', '', '', '1', '', '7/30/22', '7/30/22');
INSERT INTO branches (id,isDeleted,isActive,name,street,city,country,postalCode,phoneNumber,branchCode,branchNumber,province,website,hierarchy,createdBy,editedBy,createdAt,updatedAt) VALUES ('139', '0', '1', 'Baneshwor', 'Baneshwor', '27', 'Nepal', '977', '9851125088', '142', '', '3', '', '', '1', '', '7/31/22', '7/31/22');
INSERT INTO branches (id,isDeleted,isActive,name,street,city,country,postalCode,phoneNumber,branchCode,branchNumber,province,website,hierarchy,createdBy,editedBy,createdAt,updatedAt) VALUES ('140', '0', '1', 'Bhotahity', 'Bhotahity', '27', 'Nepal', '977', '9851125084', '136', '', '3', '', '', '1', '', '8/1/22', '8/1/22');
INSERT INTO branches (id,isDeleted,isActive,name,street,city,country,postalCode,phoneNumber,branchCode,branchNumber,province,website,hierarchy,createdBy,editedBy,createdAt,updatedAt) VALUES ('141', '0', '1', 'Naxal', 'Naxal', '27', 'Nepal', '977', '9851125039', '116', '', '3', '', '', '1', '', '8/2/22', '8/2/22');
INSERT INTO branches (id,isDeleted,isActive,name,street,city,country,postalCode,phoneNumber,branchCode,branchNumber,province,website,hierarchy,createdBy,editedBy,createdAt,updatedAt) VALUES ('142', '0', '1', 'Putalisadak', 'Putalisadak', '27', 'Nepal', '977', '9851124694', '113', '', '3', '', '', '1', '', '8/3/22', '8/3/22');
INSERT INTO branches (id,isDeleted,isActive,name,street,city,country,postalCode,phoneNumber,branchCode,branchNumber,province,website,hierarchy,createdBy,editedBy,createdAt,updatedAt) VALUES ('143', '0', '1', 'Dhading', 'Dhading', '25', 'Nepal', '977', '9851119964', '103', '', '3', '', '', '1', '', '8/4/22', '8/4/22');
INSERT INTO branches (id,isDeleted,isActive,name,street,city,country,postalCode,phoneNumber,branchCode,branchNumber,province,website,hierarchy,createdBy,editedBy,createdAt,updatedAt) VALUES ('144', '0', '1', 'Suryabinayak', 'Suryabinayak', '23', 'Nepal', '977', '9851119767', '137', '', '3', '', '', '1', '', '8/5/22', '8/5/22');
INSERT INTO branches (id,isDeleted,isActive,name,street,city,country,postalCode,phoneNumber,branchCode,branchNumber,province,website,hierarchy,createdBy,editedBy,createdAt,updatedAt) VALUES ('145', '0', '1', 'Jalbire', 'Jalbire', '35', 'Nepal', '977', '9851113800', '147', '', '3', '', '', '1', '', '8/6/22', '8/6/22');
INSERT INTO branches (id,isDeleted,isActive,name,street,city,country,postalCode,phoneNumber,branchCode,branchNumber,province,website,hierarchy,createdBy,editedBy,createdAt,updatedAt) VALUES ('146', '0', '1', 'T.I.Airport', 'T.I.Airport', '27', 'Nepal', '977', '9851078336', '169', '', '3', '', '', '1', '', '8/7/22', '8/7/22');
INSERT INTO branches (id,isDeleted,isActive,name,street,city,country,postalCode,phoneNumber,branchCode,branchNumber,province,website,hierarchy,createdBy,editedBy,createdAt,updatedAt) VALUES ('147', '0', '1', 'Sanothimi', 'Sanothimi', '23', 'Nepal', '977', '9851078332', '173', '', '3', '', '', '1', '', '8/8/22', '8/8/22');
INSERT INTO branches (id,isDeleted,isActive,name,street,city,country,postalCode,phoneNumber,branchCode,branchNumber,province,website,hierarchy,createdBy,editedBy,createdAt,updatedAt) VALUES ('148', '0', '1', 'MBO Kathmandu', 'MBO Kathmandu', '27', 'Nepal', '977', '9851246735', '109', '', '3', '', '', '1', '', '8/9/22', '8/9/22');
INSERT INTO branches (id,isDeleted,isActive,name,street,city,country,postalCode,phoneNumber,branchCode,branchNumber,province,website,hierarchy,createdBy,editedBy,createdAt,updatedAt) VALUES ('149', '0', '1', 'Bagmati proviencial office Kathmandu', 'Bagmati proviencial office Kathmandu', '27', 'Nepal', '977', '9851237410', '101', '', '3', '', '', '1', '', '8/10/22', '8/10/22');
INSERT INTO branches (id,isDeleted,isActive,name,street,city,country,postalCode,phoneNumber,branchCode,branchNumber,province,website,hierarchy,createdBy,editedBy,createdAt,updatedAt) VALUES ('150', '0', '1', 'Bajura', 'Bajura', '72', 'Nepal', '977', '9858424152', '407', '', '7', '', '', '1', '', '8/11/22', '8/11/22');
INSERT INTO branches (id,isDeleted,isActive,name,street,city,country,postalCode,phoneNumber,branchCode,branchNumber,province,website,hierarchy,createdBy,editedBy,createdAt,updatedAt) VALUES ('151', '0', '1', 'Lamki', 'Lamki', '76', 'Nepal', '977', '9858422167', '445', '', '7', '', '', '1', '', '8/12/22', '8/12/22');
INSERT INTO branches (id,isDeleted,isActive,name,street,city,country,postalCode,phoneNumber,branchCode,branchNumber,province,website,hierarchy,createdBy,editedBy,createdAt,updatedAt) VALUES ('152', '0', '1', 'Holeri', 'Holeri', '57', 'Nepal', '977', '9857822431', '431', '', '5', '', '', '1', '', '8/13/22', '8/13/22');
INSERT INTO branches (id,isDeleted,isActive,name,street,city,country,postalCode,phoneNumber,branchCode,branchNumber,province,website,hierarchy,createdBy,editedBy,createdAt,updatedAt) VALUES ('153', '0', '1', 'Darchula', 'Darchula', '74', 'Nepal', '977', '9858776681', '409', '', '7', '', '', '1', '', '8/14/22', '8/14/22');
INSERT INTO branches (id,isDeleted,isActive,name,street,city,country,postalCode,phoneNumber,branchCode,branchNumber,province,website,hierarchy,createdBy,editedBy,createdAt,updatedAt) VALUES ('154', '0', '1', 'Baitadi', 'Baitadi', '70', 'Nepal', '977', '9858752097', '405', '', '7', '', '', '1', '', '8/15/22', '8/15/22');
INSERT INTO branches (id,isDeleted,isActive,name,street,city,country,postalCode,phoneNumber,branchCode,branchNumber,province,website,hierarchy,createdBy,editedBy,createdAt,updatedAt) VALUES ('155', '0', '1', 'Shripur Belauri', 'Shripur Belauri', '77', 'Nepal', '977', '9759502268', '439', '', '7', '', '', '1', '', '8/16/22', '8/16/22');
INSERT INTO branches (id,isDeleted,isActive,name,street,city,country,postalCode,phoneNumber,branchCode,branchNumber,province,website,hierarchy,createdBy,editedBy,createdAt,updatedAt) VALUES ('156', '0', '1', 'Dadeldhura', 'Dadeldhura', '73', 'Nepal', '977', '9858745434', '402', '', '7', '', '', '1', '', '8/17/22', '8/17/22');
INSERT INTO branches (id,isDeleted,isActive,name,street,city,country,postalCode,phoneNumber,branchCode,branchNumber,province,website,hierarchy,createdBy,editedBy,createdAt,updatedAt) VALUES ('157', '0', '1', 'Doti', 'Doti', '75', 'Nepal', '977', '9858448888', '410', '', '7', '', '', '1', '', '8/18/22', '8/18/22');
INSERT INTO branches (id,isDeleted,isActive,name,street,city,country,postalCode,phoneNumber,branchCode,branchNumber,province,website,hierarchy,createdBy,editedBy,createdAt,updatedAt) VALUES ('158', '0', '1', 'Bajhang', 'Bajhang', '71', 'Nepal', '977', '9858488432', '411', '', '7', '', '', '1', '', '8/19/22', '8/19/22');
INSERT INTO branches (id,isDeleted,isActive,name,street,city,country,postalCode,phoneNumber,branchCode,branchNumber,province,website,hierarchy,createdBy,editedBy,createdAt,updatedAt) VALUES ('159', '0', '1', 'Mangalsen', 'Mangalsen', '69', 'Nepal', '977', '9858480355', '426', '', '7', '', '', '1', '', '8/20/22', '8/20/22');
INSERT INTO branches (id,isDeleted,isActive,name,street,city,country,postalCode,phoneNumber,branchCode,branchNumber,province,website,hierarchy,createdBy,editedBy,createdAt,updatedAt) VALUES ('160', '0', '1', 'Simikot', 'Simikot', '61', 'Nepal', '977', '9858322491', '419', '', '6', '', '', '1', '', '8/21/22', '8/21/22');
INSERT INTO branches (id,isDeleted,isActive,name,street,city,country,postalCode,phoneNumber,branchCode,branchNumber,province,website,hierarchy,createdBy,editedBy,createdAt,updatedAt) VALUES ('161', '0', '1', 'Mugu', 'Mugu', '65', 'Nepal', '977', '9858322326', '406', '', '6', '', '', '1', '', '8/22/22', '8/22/22');
INSERT INTO branches (id,isDeleted,isActive,name,street,city,country,postalCode,phoneNumber,branchCode,branchNumber,province,website,hierarchy,createdBy,editedBy,createdAt,updatedAt) VALUES ('162', '0', '1', 'Ratamata', 'Ratamata', '34', 'Nepal', '977', '9754202755', '148', '', '3', '', '', '1', '', '8/23/22', '8/23/22');
INSERT INTO branches (id,isDeleted,isActive,name,street,city,country,postalCode,phoneNumber,branchCode,branchNumber,province,website,hierarchy,createdBy,editedBy,createdAt,updatedAt) VALUES ('163', '0', '1', 'Charikot', 'Charikot', '26', 'Nepal', '977', '9854021302', '161', '', '3', '', '', '1', '', '8/24/22', '8/24/22');
INSERT INTO branches (id,isDeleted,isActive,name,street,city,country,postalCode,phoneNumber,branchCode,branchNumber,province,website,hierarchy,createdBy,editedBy,createdAt,updatedAt) VALUES ('164', '0', '1', 'Khotangbazar', 'Khotangbazar', '5', 'Nepal', '977', '9753003811', '238', '', '1', '', '', '1', '', '8/25/22', '8/25/22');
INSERT INTO branches (id,isDeleted,isActive,name,street,city,country,postalCode,phoneNumber,branchCode,branchNumber,province,website,hierarchy,createdBy,editedBy,createdAt,updatedAt) VALUES ('165', '0', '1', 'Bidur', 'Bidur', '31', 'Nepal', '977', '9851251500', '177', '', '3', '', '', '1', '', '8/26/22', '8/26/22');
INSERT INTO branches (id,isDeleted,isActive,name,street,city,country,postalCode,phoneNumber,branchCode,branchNumber,province,website,hierarchy,createdBy,editedBy,createdAt,updatedAt) VALUES ('166', '0', '1', 'Balaju', 'Balaju', '27', 'Nepal', '977', '9851245628', '119', '', '3', '', '', '1', '', '8/27/22', '8/27/22');
INSERT INTO branches (id,isDeleted,isActive,name,street,city,country,postalCode,phoneNumber,branchCode,branchNumber,province,website,hierarchy,createdBy,editedBy,createdAt,updatedAt) VALUES ('167', '0', '1', 'Lalitpur', 'Lalitpur', '29', 'Nepal', '977', '9851247391', '112', '', '3', '', '', '1', '', '8/28/22', '8/28/22');
INSERT INTO branches (id,isDeleted,isActive,name,street,city,country,postalCode,phoneNumber,branchCode,branchNumber,province,website,hierarchy,createdBy,editedBy,createdAt,updatedAt) VALUES ('168', '0', '1', 'Banepa', 'Banepa', '28', 'Nepal', '977', '9851225814', '181', '', '3', '', '', '1', '', '8/29/22', '8/29/22');
INSERT INTO branches (id,isDeleted,isActive,name,street,city,country,postalCode,phoneNumber,branchCode,branchNumber,province,website,hierarchy,createdBy,editedBy,createdAt,updatedAt) VALUES ('169', '0', '1', 'Khanikhola', 'Khanikhola', '25', 'Nepal', '977', '9851279820', '108', '', '3', '', '', '1', '', '8/30/22', '8/30/22');
INSERT INTO branches (id,isDeleted,isActive,name,street,city,country,postalCode,phoneNumber,branchCode,branchNumber,province,website,hierarchy,createdBy,editedBy,createdAt,updatedAt) VALUES ('170', '0', '1', 'Aarughat', 'Aarughat', '37', 'Nepal', '977', '9751013536', '321', '', '4', '', '', '1', '', '8/31/22', '8/31/22');
INSERT INTO branches (id,isDeleted,isActive,name,street,city,country,postalCode,phoneNumber,branchCode,branchNumber,province,website,hierarchy,createdBy,editedBy,createdAt,updatedAt) VALUES ('171', '0', '1', 'Gajuri', 'Gajuri', '25', 'Nepal', '977', '9851190410', '105', '', '3', '', '', '1', '', '9/1/22', '9/1/22');
INSERT INTO branches (id,isDeleted,isActive,name,street,city,country,postalCode,phoneNumber,branchCode,branchNumber,province,website,hierarchy,createdBy,editedBy,createdAt,updatedAt) VALUES ('172', '0', '1', 'Shivasarojsthal', 'Shivasarojsthal', '77', 'Nepal', '977', '9858423251', '421', '', '7', '', '', '1', '', '9/2/22', '9/2/22');
INSERT INTO branches (id,isDeleted,isActive,name,street,city,country,postalCode,phoneNumber,branchCode,branchNumber,province,website,hierarchy,createdBy,editedBy,createdAt,updatedAt) VALUES ('173', '0', '1', 'Dipayal', 'Dipayal', '75', 'Nepal', '977', '9858422113', '430', '', '7', '', '', '1', '', '9/3/22', '9/3/22');
INSERT INTO branches (id,isDeleted,isActive,name,street,city,country,postalCode,phoneNumber,branchCode,branchNumber,province,website,hierarchy,createdBy,editedBy,createdAt,updatedAt) VALUES ('174', '0', '1', 'Simara', 'Simara', '15', 'Nepal', '977', '9855029002', '123', '', '2', '', '', '1', '', '9/4/22', '9/4/22');
INSERT INTO branches (id,isDeleted,isActive,name,street,city,country,postalCode,phoneNumber,branchCode,branchNumber,province,website,hierarchy,createdBy,editedBy,createdAt,updatedAt) VALUES ('175', '0', '1', 'Ratnanagar', 'Ratnanagar', '24', 'Nepal', '977', '9855080201', '183', '', '3', '', '', '1', '', '9/5/22', '9/5/22');
INSERT INTO branches (id,isDeleted,isActive,name,street,city,country,postalCode,phoneNumber,branchCode,branchNumber,province,website,hierarchy,createdBy,editedBy,createdAt,updatedAt) VALUES ('176', '0', '1', 'Khajura', 'Khajura', '48', 'Nepal', '977', '9858040155', '435', '', '5', '', '', '1', '', '9/6/22', '9/6/22');
INSERT INTO branches (id,isDeleted,isActive,name,street,city,country,postalCode,phoneNumber,branchCode,branchNumber,province,website,hierarchy,createdBy,editedBy,createdAt,updatedAt) VALUES ('177', '0', '1', 'Banganga', 'Banganga', '53', 'Nepal', '977', '9857051476', '353', '', '5', '', '', '1', '', '9/7/22', '9/7/22');
INSERT INTO branches (id,isDeleted,isActive,name,street,city,country,postalCode,phoneNumber,branchCode,branchNumber,province,website,hierarchy,createdBy,editedBy,createdAt,updatedAt) VALUES ('178', '0', '1', 'Barhathawa', 'Barhathawa', '21', 'Nepal', '977', '9854037504', '184', '', '2', '', '', '1', '', '9/8/22', '9/8/22');
INSERT INTO branches (id,isDeleted,isActive,name,street,city,country,postalCode,phoneNumber,branchCode,branchNumber,province,website,hierarchy,createdBy,editedBy,createdAt,updatedAt) VALUES ('179', '0', '1', 'Manebhanjyang', 'Manebhanjyang', '7', 'Nepal', '977', '9852840248', '248', '', '1', '', '', '1', '', '9/9/22', '9/9/22');
INSERT INTO branches (id,isDeleted,isActive,name,street,city,country,postalCode,phoneNumber,branchCode,branchNumber,province,website,hierarchy,createdBy,editedBy,createdAt,updatedAt) VALUES ('180', '0', '1', 'Kolti', 'Kolti', '72', 'Nepal', '977', '9858488275', '441', '', '7', '', '', '1', '', '9/10/22', '9/10/22');
INSERT INTO branches (id,isDeleted,isActive,name,street,city,country,postalCode,phoneNumber,branchCode,branchNumber,province,website,hierarchy,createdBy,editedBy,createdAt,updatedAt) VALUES ('181', '0', '1', 'Corporate Branch', 'Corporate Branch', '27', 'Nepal', '977', '9851321433', '185', '', '3', '', '', '1', '', '9/11/22', '9/11/22');
INSERT INTO branches (id,isDeleted,isActive,name,street,city,country,postalCode,phoneNumber,branchCode,branchNumber,province,website,hierarchy,createdBy,editedBy,createdAt,updatedAt) VALUES ('182', '0', '1', 'Galyang Bazar', 'Galyang Bazar', '45', 'Nepal', '977', '9856070494', '325', '', '4', '', '', '1', '', '9/12/22', '9/12/22');
INSERT INTO branches (id,isDeleted,isActive,name,street,city,country,postalCode,phoneNumber,branchCode,branchNumber,province,website,hierarchy,createdBy,editedBy,createdAt,updatedAt) VALUES ('183', '0', '1', 'Luham', 'Luham', '66', 'Nepal', '977', '9857825432', '438', '', '6', '', '', '1', '', '9/13/22', '9/13/22');
INSERT INTO branches (id,isDeleted,isActive,name,street,city,country,postalCode,phoneNumber,branchCode,branchNumber,province,website,hierarchy,createdBy,editedBy,createdAt,updatedAt) VALUES ('184', '0', '1', 'Balara', 'Balara', '21', 'Nepal', '977', '9855040494', '186', '', '2', '', '', '1', '', '9/14/22', '9/14/22');
INSERT INTO branches (id,isDeleted,isActive,name,street,city,country,postalCode,phoneNumber,branchCode,branchNumber,province,website,hierarchy,createdBy,editedBy,createdAt,updatedAt) VALUES ('185', '0', '1', 'Jhapabazar', 'Jhapabazar', '4', 'Nepal', '977', '9852621333', '244', '', '1', '', '', '1', '', '9/15/22', '9/15/22');
INSERT INTO branches (id,isDeleted,isActive,name,street,city,country,postalCode,phoneNumber,branchCode,branchNumber,province,website,hierarchy,createdBy,editedBy,createdAt,updatedAt) VALUES ('186', '0', '1', 'Bhiman', 'Bhiman', '34', 'Nepal', '977', '9854042110', '163', '', '3', '', '', '1', '', '9/16/22', '9/16/22');
INSERT INTO branches (id,isDeleted,isActive,name,street,city,country,postalCode,phoneNumber,branchCode,branchNumber,province,website,hierarchy,createdBy,editedBy,createdAt,updatedAt) VALUES ('187', '0', '1', 'Surajpura', 'Surajpura', '58', 'Nepal', '977', '9857016326', '326', '', '5', '', '', '1', '', '9/17/22', '9/17/22');
INSERT INTO branches (id,isDeleted,isActive,name,street,city,country,postalCode,phoneNumber,branchCode,branchNumber,province,website,hierarchy,createdBy,editedBy,createdAt,updatedAt) VALUES ('188', '0', '1', 'Triveni', 'Triveni', '54', 'Nepal', '977', '9857013509', '309', '', '4', '', '', '1', '', '9/18/22', '9/18/22');
INSERT INTO branches (id,isDeleted,isActive,name,street,city,country,postalCode,phoneNumber,branchCode,branchNumber,province,website,hierarchy,createdBy,editedBy,createdAt,updatedAt) VALUES ('189', '0', '1', 'Phalebas', 'Phalebas', '44', 'Nepal', '977', '9857628354', '354', '', '4', '', '', '1', '', '9/19/22', '9/19/22');
INSERT INTO branches (id,isDeleted,isActive,name,street,city,country,postalCode,phoneNumber,branchCode,branchNumber,province,website,hierarchy,createdBy,editedBy,createdAt,updatedAt) VALUES ('190', '0', '1', 'Lunkhu Deurali', 'Lunkhu Deurali', '44', 'Nepal', '977', '9857628444', '330', '', '4', '', '', '1', '', '9/20/22', '9/20/22');
INSERT INTO branches (id,isDeleted,isActive,name,street,city,country,postalCode,phoneNumber,branchCode,branchNumber,province,website,hierarchy,createdBy,editedBy,createdAt,updatedAt) VALUES ('191', '0', '1', 'Bhakundebesi', 'Bhakundebesi', '28', 'Nepal', '977', '9851120154', '154', '', '3', '', '', '1', '', '9/21/22', '9/21/22');
INSERT INTO branches (id,isDeleted,isActive,name,street,city,country,postalCode,phoneNumber,branchCode,branchNumber,province,website,hierarchy,createdBy,editedBy,createdAt,updatedAt) VALUES ('192', '0', '1', 'Mehelkuna', 'Mehelkuna', '67', 'Nepal', '977', '9858063127', '448', '', '6', '', '', '1', '', '9/22/22', '9/22/22');
INSERT INTO branches (id,isDeleted,isActive,name,street,city,country,postalCode,phoneNumber,branchCode,branchNumber,province,website,hierarchy,createdBy,editedBy,createdAt,updatedAt) VALUES ('193', '0', '1', 'Bayalpata', 'Bayalpata', '69', 'Nepal', '977', '9858420055', '404', '', '7', '', '', '1', '', '9/23/22', '9/23/22');
INSERT INTO branches (id,isDeleted,isActive,name,street,city,country,postalCode,phoneNumber,branchCode,branchNumber,province,website,hierarchy,createdBy,editedBy,createdAt,updatedAt) VALUES ('194', '0', '1', 'Chaumala', 'Chaumala', '76', 'Nepal', '977', '9858427423', '422', '', '7', '', '', '1', '', '9/24/22', '9/24/22');
INSERT INTO branches (id,isDeleted,isActive,name,street,city,country,postalCode,phoneNumber,branchCode,branchNumber,province,website,hierarchy,createdBy,editedBy,createdAt,updatedAt) VALUES ('195', '0', '1', 'Aeiselukharka', 'Aeiselukharka', '5', 'Nepal', '977', '9852849255', '233', '', '1', '', '', '1', '', '9/25/22', '9/25/22');
INSERT INTO branches (id,isDeleted,isActive,name,street,city,country,postalCode,phoneNumber,branchCode,branchNumber,province,website,hierarchy,createdBy,editedBy,createdAt,updatedAt) VALUES ('196', '0', '1', 'Letang', 'Letang', '6', 'Nepal', '977', '9852043556', '245', '', '1', '', '', '1', '', '9/26/22', '9/26/22');
INSERT INTO branches (id,isDeleted,isActive,name,street,city,country,postalCode,phoneNumber,branchCode,branchNumber,province,website,hierarchy,createdBy,editedBy,createdAt,updatedAt) VALUES ('197', '0', '1', 'Mahendrachowk', 'Mahendrachowk', '6', 'Nepal', '977', '9852069555', '265', '', '1', '', '', '1', '', '9/27/22', '9/27/22');
INSERT INTO branches (id,isDeleted,isActive,name,street,city,country,postalCode,phoneNumber,branchCode,branchNumber,province,website,hierarchy,createdBy,editedBy,createdAt,updatedAt) VALUES ('198', '0', '1', 'Harthok', 'Harthok', '55', 'Nepal', '977', '9857065841', '323', '', '5', '', '', '1', '', '9/28/22', '9/28/22');
INSERT INTO branches (id,isDeleted,isActive,name,street,city,country,postalCode,phoneNumber,branchCode,branchNumber,province,website,hierarchy,createdBy,editedBy,createdAt,updatedAt) VALUES ('199', '0', '1', 'Thada', 'Thada', '47', 'Nepal', '977', '9857066511', '338', '', '5', '', '', '1', '', '9/29/22', '9/29/22');
INSERT INTO branches (id,isDeleted,isActive,name,street,city,country,postalCode,phoneNumber,branchCode,branchNumber,province,website,hierarchy,createdBy,editedBy,createdAt,updatedAt) VALUES ('200', '0', '1', 'Durbarmarga', 'Durbarmarga', '27', 'Nepal', '977', '9851273993', '187', '', '3', '', '', '1', '', '9/30/22', '9/30/22');
INSERT INTO branches (id,isDeleted,isActive,name,street,city,country,postalCode,phoneNumber,branchCode,branchNumber,province,website,hierarchy,createdBy,editedBy,createdAt,updatedAt) VALUES ('201', '0', '1', 'Bayarban', 'Bayarban', '6', 'Nepal', '977', '9852685051', '240', '', '1', '', '', '1', '', '10/1/22', '10/1/22');
INSERT INTO branches (id,isDeleted,isActive,name,street,city,country,postalCode,phoneNumber,branchCode,branchNumber,province,website,hierarchy,createdBy,editedBy,createdAt,updatedAt) VALUES ('202', '0', '1', 'Arjunchaupari', 'Arjunchaupari', '45', 'Nepal', '977', '9856051327', '327', '', '4', '', '', '1', '', '10/2/22', '10/2/22');
INSERT INTO branches (id,isDeleted,isActive,name,street,city,country,postalCode,phoneNumber,branchCode,branchNumber,province,website,hierarchy,createdBy,editedBy,createdAt,updatedAt) VALUES ('203', '0', '1', 'Bidhyapur', 'Bidhyapur', '67', 'Nepal', '977', '9858076444', '442', '', '6', '', '', '1', '', '10/3/22', '10/3/22');
INSERT INTO branches (id,isDeleted,isActive,name,street,city,country,postalCode,phoneNumber,branchCode,branchNumber,province,website,hierarchy,createdBy,editedBy,createdAt,updatedAt) VALUES ('204', '0', '1', 'Basantapur', 'Basantapur', '13', 'Nepal', '977', '9852061351', '266', '', '1', '', '', '1', '', '10/4/22', '10/4/22');
INSERT INTO branches (id,isDeleted,isActive,name,street,city,country,postalCode,phoneNumber,branchCode,branchNumber,province,website,hierarchy,createdBy,editedBy,createdAt,updatedAt) VALUES ('205', '0', '1', 'Kapilakot', 'Kapilakot', '34', 'Nepal', '977', '9854047547', '153', '', '3', '', '', '1', '', '10/5/22', '10/5/22');
INSERT INTO branches (id,isDeleted,isActive,name,street,city,country,postalCode,phoneNumber,branchCode,branchNumber,province,website,hierarchy,createdBy,editedBy,createdAt,updatedAt) VALUES ('206', '0', '1', 'Masta', 'Masta', '71', 'Nepal', '977', '9858485624', '450', '', '7', '', '', '1', '', '10/6/22', '10/6/22');
INSERT INTO branches (id,isDeleted,isActive,name,street,city,country,postalCode,phoneNumber,branchCode,branchNumber,province,website,hierarchy,createdBy,editedBy,createdAt,updatedAt) VALUES ('207', '0', '1', 'hangpang', 'hangpang', '12', 'Nepal', '977', '9852678004', '267', '', '1', '', '', '1', '', '10/7/22', '10/7/22');
INSERT INTO branches (id,isDeleted,isActive,name,street,city,country,postalCode,phoneNumber,branchCode,branchNumber,province,website,hierarchy,createdBy,editedBy,createdAt,updatedAt) VALUES ('208', '0', '1', 'manang', 'manang', '40', 'Nepal', '977', '9856049184', '356', '', '4', '', '', '1', '', '10/8/22', '10/8/22');
INSERT INTO branches (id,isDeleted,isActive,name,street,city,country,postalCode,phoneNumber,branchCode,branchNumber,province,website,hierarchy,createdBy,editedBy,createdAt,updatedAt) VALUES ('209', '0', '1', 'Maulapur', 'Maulapur', '19', 'Nepal', '977', '9855044136', '189', '', '2', '', '', '1', '', '10/9/22', '10/9/22');
INSERT INTO branches (id,isDeleted,isActive,name,street,city,country,postalCode,phoneNumber,branchCode,branchNumber,province,website,hierarchy,createdBy,editedBy,createdAt,updatedAt) VALUES ('210', '0', '1', 'Ishnath', 'Ishnath', '19', 'Nepal', '977', '9855041367', '190', '', '2', '', '', '1', '', '10/10/22', '10/10/22');
INSERT INTO branches (id,isDeleted,isActive,name,street,city,country,postalCode,phoneNumber,branchCode,branchNumber,province,website,hierarchy,createdBy,editedBy,createdAt,updatedAt) VALUES ('211', '0', '1', 'Katahari', 'Katahari', '6', 'Nepal', '977', '9852072955', '219', '', '1', '', '', '1', '', '10/11/22', '10/11/22');
INSERT INTO branches (id,isDeleted,isActive,name,street,city,country,postalCode,phoneNumber,branchCode,branchNumber,province,website,hierarchy,createdBy,editedBy,createdAt,updatedAt) VALUES ('212', '0', '1', 'Mudkechula', 'Mudkechula', '60', 'Nepal', '977', '9857850520', '452', '', '6', '', '', '1', '', '10/12/22', '10/12/22');
INSERT INTO branches (id,isDeleted,isActive,name,street,city,country,postalCode,phoneNumber,branchCode,branchNumber,province,website,hierarchy,createdBy,editedBy,createdAt,updatedAt) VALUES ('213', '0', '1', 'Suvarnapur', 'Suvarnapur', '18', 'Nepal', '977', '9855011109', '191', '', '2', '', '', '1', '', '10/13/22', '10/13/22');
INSERT INTO branches (id,isDeleted,isActive,name,street,city,country,postalCode,phoneNumber,branchCode,branchNumber,province,website,hierarchy,createdBy,editedBy,createdAt,updatedAt) VALUES ('214', '0', '1', 'Sanghutar', 'Sanghutar', '32', 'Nepal', '977', '9854022055', '132', '', '3', '', '', '1', '', '10/14/22', '10/14/22');
INSERT INTO branches (id,isDeleted,isActive,name,street,city,country,postalCode,phoneNumber,branchCode,branchNumber,province,website,hierarchy,createdBy,editedBy,createdAt,updatedAt) VALUES ('215', '0', '1', 'Kalikasthan', 'Kalikasthan', '33', 'Nepal', '977', '9851242129', '192', '', '3', '', '', '1', '', '10/15/22', '10/15/22');
INSERT INTO branches (id,isDeleted,isActive,name,street,city,country,postalCode,phoneNumber,branchCode,branchNumber,province,website,hierarchy,createdBy,editedBy,createdAt,updatedAt) VALUES ('216', '0', '1', 'Baksila', 'Baksila', '5', 'Nepal', '977', '9743092095', '253', '', '1', '', '', '1', '', '10/16/22', '10/16/22');
INSERT INTO branches (id,isDeleted,isActive,name,street,city,country,postalCode,phoneNumber,branchCode,branchNumber,province,website,hierarchy,createdBy,editedBy,createdAt,updatedAt) VALUES ('217', '0', '1', 'Gunjbhawanipur', 'Gunjbhawanipur', '15', 'Nepal', '977', '9855049910', '139', '', '2', '', '', '1', '', '10/17/22', '10/17/22');
INSERT INTO branches (id,isDeleted,isActive,name,street,city,country,postalCode,phoneNumber,branchCode,branchNumber,province,website,hierarchy,createdBy,editedBy,createdAt,updatedAt) VALUES ('218', '0', '1', 'Soru', 'Soru', '65', 'Nepal', '977', '9858390789', '451', '', '6', '', '', '1', '', '10/18/22', '10/18/22');
INSERT INTO branches (id,isDeleted,isActive,name,street,city,country,postalCode,phoneNumber,branchCode,branchNumber,province,website,hierarchy,createdBy,editedBy,createdAt,updatedAt) VALUES ('219', '0', '1', 'Hasuliya', 'Hasuliya', '76', 'Nepal', '977', '9858485425', '425', '', '7', '', '', '1', '', '10/19/22', '10/19/22');
INSERT INTO branches (id,isDeleted,isActive,name,street,city,country,postalCode,phoneNumber,branchCode,branchNumber,province,website,hierarchy,createdBy,editedBy,createdAt,updatedAt) VALUES ('220', '0', '1', 'Dunai', 'Dunai', '60', 'Nepal', '977', '9858366003', '458', '', '6', '', '', '1', '', '10/20/22', '10/20/22');
INSERT INTO branches (id,isDeleted,isActive,name,street,city,country,postalCode,phoneNumber,branchCode,branchNumber,province,website,hierarchy,createdBy,editedBy,createdAt,updatedAt) VALUES ('221', '0', '1', 'Nechabihibare', 'Nechabihibare', '10', 'Nepal', '977', '9852828300', '252', '', '1', '', '', '1', '', '10/21/22', '10/21/22');
INSERT INTO branches (id,isDeleted,isActive,name,street,city,country,postalCode,phoneNumber,branchCode,branchNumber,province,website,hierarchy,createdBy,editedBy,createdAt,updatedAt) VALUES ('222', '0', '1', 'Madhumalla', 'Madhumalla', '6', 'Nepal', '977', '9852052304', '249', '', '1', '', '', '1', '', '10/22/22', '10/22/22');
INSERT INTO branches (id,isDeleted,isActive,name,street,city,country,postalCode,phoneNumber,branchCode,branchNumber,province,website,hierarchy,createdBy,editedBy,createdAt,updatedAt) VALUES ('223', '0', '1', 'Boudha', 'Boudha', '27', 'Nepal', '977', '9851127954', '188', '', '3', '', '', '1', '', '10/23/22', '10/23/22');
INSERT INTO branches (id,isDeleted,isActive,name,street,city,country,postalCode,phoneNumber,branchCode,branchNumber,province,website,hierarchy,createdBy,editedBy,createdAt,updatedAt) VALUES ('224', '0', '1', 'Jajarkot', 'Jajarkot', '62', 'Nepal', '977', '9858085055', '459', '', '6', '', '', '1', '', '10/24/22', '10/24/22');
INSERT INTO branches (id,isDeleted,isActive,name,street,city,country,postalCode,phoneNumber,branchCode,branchNumber,province,website,hierarchy,createdBy,editedBy,createdAt,updatedAt) VALUES ('225', '0', '1', 'Rukumkot', 'Rukumkot', '51', 'Nepal', '977', '9857821120', '460', '', '5', '', '', '1', '', '10/25/22', '10/25/22');
INSERT INTO branches (id,isDeleted,isActive,name,street,city,country,postalCode,phoneNumber,branchCode,branchNumber,province,website,hierarchy,createdBy,editedBy,createdAt,updatedAt) VALUES ('226', '0', '1', 'Mustang', 'Mustang', '41', 'Nepal', '977', '9857654455', '358', '', '4', '', '', '1', '', '10/26/22', '10/26/22');
INSERT INTO branches (id,isDeleted,isActive,name,street,city,country,postalCode,phoneNumber,branchCode,branchNumber,province,website,hierarchy,createdBy,editedBy,createdAt,updatedAt) VALUES ('227', '0', '1', 'Campusroad Dhangadi', 'Campusroad Dhangadi', '76', 'Nepal', '977', '9858488438', '449', '', '7', '', '', '1', '', '10/27/22', '10/27/22');
INSERT INTO branches (id,isDeleted,isActive,name,street,city,country,postalCode,phoneNumber,branchCode,branchNumber,province,website,hierarchy,createdBy,editedBy,createdAt,updatedAt) VALUES ('228', '0', '1', 'Lakeside', 'Lakeside', '38', 'Nepal', '977', '9856068027', '355', '', '4', '', '', '1', '', '10/28/22', '10/28/22');
INSERT INTO branches (id,isDeleted,isActive,name,street,city,country,postalCode,phoneNumber,branchCode,branchNumber,province,website,hierarchy,createdBy,editedBy,createdAt,updatedAt) VALUES ('229', '0', '1', 'Ridibazaar', 'Ridibazaar', '52', 'Nepal', '977', '9857068126', '316', '', '5', '', '', '1', '', '10/29/22', '10/29/22');
INSERT INTO branches (id,isDeleted,isActive,name,street,city,country,postalCode,phoneNumber,branchCode,branchNumber,province,website,hierarchy,createdBy,editedBy,createdAt,updatedAt) VALUES ('230', '0', '1', 'Singhadurbar Parisar', 'Singhadurbar Parisar', '27', 'Nepal', '977', '9851216621', '196', '', '3', '', '', '1', '', '10/30/22', '10/30/22');
INSERT INTO branches (id,isDeleted,isActive,name,street,city,country,postalCode,phoneNumber,branchCode,branchNumber,province,website,hierarchy,createdBy,editedBy,createdAt,updatedAt) VALUES ('231', '0', '1', 'Panbari', 'Panbari', '11', 'Nepal', '977', '9852062560', '264', '', '1', '', '', '1', '', '10/31/22', '10/31/22');
INSERT INTO branches (id,isDeleted,isActive,name,street,city,country,postalCode,phoneNumber,branchCode,branchNumber,province,website,hierarchy,createdBy,editedBy,createdAt,updatedAt) VALUES ('232', '0', '1', 'Mugum Karmarong', 'Mugum Karmarong', '65', 'Nepal', '977', '9858390007', '455', '', '6', '', '', '1', '', '11/1/22', '11/1/22');
INSERT INTO branches (id,isDeleted,isActive,name,street,city,country,postalCode,phoneNumber,branchCode,branchNumber,province,website,hierarchy,createdBy,editedBy,createdAt,updatedAt) VALUES ('233', '0', '1', 'Bansgadhi', 'Bansgadhi', '49', 'Nepal', '977', '9858040092', '456', '', '5', '', '', '1', '', '11/2/22', '11/2/22');
INSERT INTO branches (id,isDeleted,isActive,name,street,city,country,postalCode,phoneNumber,branchCode,branchNumber,province,website,hierarchy,createdBy,editedBy,createdAt,updatedAt) VALUES ('234', '0', '1', 'Malekhu', 'Malekhu', '25', 'Nepal', '977', '9851175024', '195', '', '3', '', '', '1', '', '11/3/22', '11/3/22');
INSERT INTO branches (id,isDeleted,isActive,name,street,city,country,postalCode,phoneNumber,branchCode,branchNumber,province,website,hierarchy,createdBy,editedBy,createdAt,updatedAt) VALUES ('235', '0', '1', 'Ghorahi', 'Ghorahi', '50', 'Nepal', '977', '9857864000', '457', '', '5', '', '', '1', '', '11/4/22', '11/4/22');
INSERT INTO branches (id,isDeleted,isActive,name,street,city,country,postalCode,phoneNumber,branchCode,branchNumber,province,website,hierarchy,createdBy,editedBy,createdAt,updatedAt) VALUES ('236', '0', '1', 'Chakchaki', 'Chakchaki', '4', 'Nepal', '977', '9852686587', '236', '', '1', '', '', '1', '', '11/5/22', '11/5/22');
INSERT INTO branches (id,isDeleted,isActive,name,street,city,country,postalCode,phoneNumber,branchCode,branchNumber,province,website,hierarchy,createdBy,editedBy,createdAt,updatedAt) VALUES ('237', '0', '1', 'Karsiyabazar', 'Karsiyabazar', '6', 'Nepal', '977', '9852065011', '251', '', '1', '', '', '1', '', '11/6/22', '11/6/22');
INSERT INTO branches (id,isDeleted,isActive,name,street,city,country,postalCode,phoneNumber,branchCode,branchNumber,province,website,hierarchy,createdBy,editedBy,createdAt,updatedAt) VALUES ('238', '0', '1', 'Koteshwor', 'Koteshwor', '27', 'Nepal', '977', '9851195626', '193', '', '3', '', '', '1', '', '11/7/22', '11/7/22');
INSERT INTO branches (id,isDeleted,isActive,name,street,city,country,postalCode,phoneNumber,branchCode,branchNumber,province,website,hierarchy,createdBy,editedBy,createdAt,updatedAt) VALUES ('239', '0', '1', 'Tokha', 'Tokha', '27', 'Nepal', '977', '9851254163', '194', '', '3', '', '', '1', '', '11/8/22', '11/8/22');
INSERT INTO branches (id,isDeleted,isActive,name,street,city,country,postalCode,phoneNumber,branchCode,branchNumber,province,website,hierarchy,createdBy,editedBy,createdAt,updatedAt) VALUES ('240', '0', '1', 'Khairenitar', 'Khairenitar', '46', 'Nepal', '977', '9856011357', '357', '', '4', '', '', '1', '', '11/9/22', '11/9/22');
INSERT INTO branches (id,isDeleted,isActive,name,street,city,country,postalCode,phoneNumber,branchCode,branchNumber,province,website,hierarchy,createdBy,editedBy,createdAt,updatedAt) VALUES ('241', '0', '1', 'Purtighat', 'Purtighat', '52', 'Nepal', '977', '9857071328', '328', '', '5', '', '', '1', '', '11/10/22', '11/10/22');
INSERT INTO branches (id,isDeleted,isActive,name,street,city,country,postalCode,phoneNumber,branchCode,branchNumber,province,website,hierarchy,createdBy,editedBy,createdAt,updatedAt) VALUES ('242', '0', '1', 'Tangikot', 'Tangikot', '43', 'Nepal', '977', '9857086300', '313', '', '4', '', '', '1', '', '11/11/22', '11/11/22');
INSERT INTO branches (id,isDeleted,isActive,name,street,city,country,postalCode,phoneNumber,branchCode,branchNumber,province,website,hierarchy,createdBy,editedBy,createdAt,updatedAt) VALUES ('243', '0', '1', 'Chandrauta', 'Chandrauta', '53', 'Nepal', '977', '9857014590', '317', '', '5', '', '', '1', '', '11/12/22', '11/12/22');
INSERT INTO branches (id,isDeleted,isActive,name,street,city,country,postalCode,phoneNumber,branchCode,branchNumber,province,website,hierarchy,createdBy,editedBy,createdAt,updatedAt) VALUES ('244', '0', '1', 'Pokhariya', 'Pokhariya', '18', 'Nepal', '977', '9855011023', '172', '', '2', '', '', '1', '', '11/13/22', '11/13/22');
INSERT INTO branches (id,isDeleted,isActive,name,street,city,country,postalCode,phoneNumber,branchCode,branchNumber,province,website,hierarchy,createdBy,editedBy,createdAt,updatedAt) VALUES ('245', '0', '1', 'Bhimphedi', 'Bhimphedi', '30', 'Nepal', '977', '9855089077', '107', '', '3', '', '', '1', '', '11/14/22', '11/14/22');
INSERT INTO branches (id,isDeleted,isActive,name,street,city,country,postalCode,phoneNumber,branchCode,branchNumber,province,website,hierarchy,createdBy,editedBy,createdAt,updatedAt) VALUES ('246', '0', '1', 'Balawabazar', 'Balawabazar', '17', 'Nepal', '977', '9854031281', '151', '', '2', '', '', '1', '', '11/15/22', '11/15/22');
INSERT INTO branches (id,isDeleted,isActive,name,street,city,country,postalCode,phoneNumber,branchCode,branchNumber,province,website,hierarchy,createdBy,editedBy,createdAt,updatedAt) VALUES ('247', '0', '1', 'Chandrapur', 'Chandrapur', '19', 'Nepal', '977', '9855041749', '197', '', '2', '', '', '1', '', '11/16/22', '11/16/22');
INSERT INTO branches (id,isDeleted,isActive,name,street,city,country,postalCode,phoneNumber,branchCode,branchNumber,province,website,hierarchy,createdBy,editedBy,createdAt,updatedAt) VALUES ('248', '0', '1', 'Pipara', 'Pipara', '17', 'Nepal', '977', '9854025328', '156', '', '2', '', '', '1', '', '11/17/22', '11/17/22');
INSERT INTO branches (id,isDeleted,isActive,name,street,city,country,postalCode,phoneNumber,branchCode,branchNumber,province,website,hierarchy,createdBy,editedBy,createdAt,updatedAt) VALUES ('249', '0', '1', 'Karnali proviencial office Surkhet', 'Karnali proviencial office Surkhet', '67', 'Nepal', '977', '9858070461', '461', '', '6', '', '', '1', '', '11/18/22', '11/18/22');
INSERT INTO branches (id,isDeleted,isActive,name,street,city,country,postalCode,phoneNumber,branchCode,branchNumber,province,website,hierarchy,createdBy,editedBy,createdAt,updatedAt) VALUES ('250', '0', '1', 'Sudurpaschim proviencial office Dhangadhi', 'Sudurpaschim proviencial office Dhangadhi', '76', 'Nepal', '977', '9858477400', '446', '', '7', '', '', '1', '', '11/19/22', '11/19/22');
INSERT INTO branches (id,isDeleted,isActive,name,street,city,country,postalCode,phoneNumber,branchCode,branchNumber,province,website,hierarchy,createdBy,editedBy,createdAt,updatedAt) VALUES ('251', '0', '1', 'Chharkatangsong', 'Chharkatangsong', '60', 'Nepal', '977', '9858029830', '453', '', '6', '', '', '1', '', '11/20/22', '11/20/22');
INSERT INTO branches (id,isDeleted,isActive,name,street,city,country,postalCode,phoneNumber,branchCode,branchNumber,province,website,hierarchy,createdBy,editedBy,createdAt,updatedAt) VALUES ('252', '0', '1', 'Dolpobuddha', 'Dolpobuddha', '60', 'Nepal', '977', '9858366051', '454', '', '6', '', '', '1', '', '11/21/22', '11/21/22');
INSERT INTO branches (id,isDeleted,isActive,name,street,city,country,postalCode,phoneNumber,branchCode,branchNumber,province,website,hierarchy,createdBy,editedBy,createdAt,updatedAt) VALUES ('253', '0', '1', 'Satti', 'Satti', '76', 'Nepal', '977', '9858490542', '420', '', '7', '', '', '1', '', '11/22/22', '11/22/22');
INSERT INTO branches (id,isDeleted,isActive,name,street,city,country,postalCode,phoneNumber,branchCode,branchNumber,province,website,hierarchy,createdBy,editedBy,createdAt,updatedAt) VALUES ('254', '0', '1', 'Thosey', 'Thosey', '32', 'Nepal', '977', '9854055307', '157', '', '3', '', '', '1', '', '11/23/22', '11/23/22');
INSERT INTO branches (id,isDeleted,isActive,name,street,city,country,postalCode,phoneNumber,branchCode,branchNumber,province,website,hierarchy,createdBy,editedBy,createdAt,updatedAt) VALUES ('255', '0', '1', 'Birendranagar', 'Birendranagar', '67', 'Nepal', '977', '9858046516', '516', '', '6', '', '', '1', '', '11/24/22', '11/24/22');
INSERT INTO branches (id,isDeleted,isActive,name,street,city,country,postalCode,phoneNumber,branchCode,branchNumber,province,website,hierarchy,createdBy,editedBy,createdAt,updatedAt) VALUES ('256', '0', '1', 'Netrawati', 'Netrawati', '25', 'Nepal', '977', '9851313155', '517', '', '3', '', '', '1', '', '11/25/22', '11/25/22');
INSERT INTO branches (id,isDeleted,isActive,name,street,city,country,postalCode,phoneNumber,branchCode,branchNumber,province,website,hierarchy,createdBy,editedBy,createdAt,updatedAt) VALUES ('257', '0', '1', 'Bhaisepati', 'Bhaisepati', '29', 'Nepal', '977', '9851193149', '198', '', '3', '', '', '1', '', '11/26/22', '11/26/22');
INSERT INTO branches (id,isDeleted,isActive,name,street,city,country,postalCode,phoneNumber,branchCode,branchNumber,province,website,hierarchy,createdBy,editedBy,createdAt,updatedAt) VALUES ('258', '0', '1', 'Swayambhu', 'Swayambhu', '27', 'Nepal', '977', '9851174024', '199', '', '3', '', '', '1', '', '11/27/22', '11/27/22');
INSERT INTO branches (id,isDeleted,isActive,name,street,city,country,postalCode,phoneNumber,branchCode,branchNumber,province,website,hierarchy,createdBy,editedBy,createdAt,updatedAt) VALUES ('259', '0', '1', 'Sherabazar', 'Sherabazar', '36', 'Nepal', '977', '9857632355', '359', '', '4', '', '', '1', '', '11/28/22', '11/28/22');
INSERT INTO branches (id,isDeleted,isActive,name,street,city,country,postalCode,phoneNumber,branchCode,branchNumber,province,website,hierarchy,createdBy,editedBy,createdAt,updatedAt) VALUES ('260', '0', '1', 'Chame', 'Chame', '40', 'Nepal', '977', '9856024064', '506', '', '4', '', '', '1', '', '11/29/22', '11/29/22');
INSERT INTO branches (id,isDeleted,isActive,name,street,city,country,postalCode,phoneNumber,branchCode,branchNumber,province,website,hierarchy,createdBy,editedBy,createdAt,updatedAt) VALUES ('261', '0', '1', 'Rolpa', 'Rolpa', '57', 'Nepal', '977', '9857840503', '503', '', '5', '', '', '1', '', '11/30/22', '11/30/22');
INSERT INTO branches (id,isDeleted,isActive,name,street,city,country,postalCode,phoneNumber,branchCode,branchNumber,province,website,hierarchy,createdBy,editedBy,createdAt,updatedAt) VALUES ('262', '0', '1', 'Madi', 'Madi', '24', 'Nepal', '977', '9855001488', '146', '', '3', '', '', '1', '', '12/1/22', '12/1/22');
INSERT INTO branches (id,isDeleted,isActive,name,street,city,country,postalCode,phoneNumber,branchCode,branchNumber,province,website,hierarchy,createdBy,editedBy,createdAt,updatedAt) VALUES ('263', '0', '1', 'Thaiba', 'Thaiba', '29', 'Nepal', '977', '9851324319', '513', '', '3', '', '', '1', '', '12/2/22', '12/2/22');
INSERT INTO branches (id,isDeleted,isActive,name,street,city,country,postalCode,phoneNumber,branchCode,branchNumber,province,website,hierarchy,createdBy,editedBy,createdAt,updatedAt) VALUES ('264', '0', '1', 'Thali', 'Thali', '27', 'Nepal', '977', '9851324318', '512', '', '3', '', '', '1', '', '12/3/22', '12/3/22');
INSERT INTO branches (id,isDeleted,isActive,name,street,city,country,postalCode,phoneNumber,branchCode,branchNumber,province,website,hierarchy,createdBy,editedBy,createdAt,updatedAt) VALUES ('265', '0', '1', 'Pyuthan', 'Pyuthan', '56', 'Nepal', '977', '9857836251', '504', '', '5', '', '', '1', '', '12/4/22', '12/4/22');
INSERT INTO branches (id,isDeleted,isActive,name,street,city,country,postalCode,phoneNumber,branchCode,branchNumber,province,website,hierarchy,createdBy,editedBy,createdAt,updatedAt) VALUES ('266', '0', '1', 'Kamalbinayak', 'Kamalbinayak', '23', 'Nepal', '977', '9851324317', '515', '', '3', '', '', '1', '', '12/5/22', '12/5/22');
INSERT INTO branches (id,isDeleted,isActive,name,street,city,country,postalCode,phoneNumber,branchCode,branchNumber,province,website,hierarchy,createdBy,editedBy,createdAt,updatedAt) VALUES ('267', '0', '1', 'Chautara', 'Chautara', '35', 'Nepal', '977', '9851324316', '501', '', '3', '', '', '1', '', '12/6/22', '12/6/22');
INSERT INTO branches (id,isDeleted,isActive,name,street,city,country,postalCode,phoneNumber,branchCode,branchNumber,province,website,hierarchy,createdBy,editedBy,createdAt,updatedAt) VALUES ('268', '0', '1', 'Balambu', 'Balambu', '27', 'Nepal', '977', '9851324315', '511', '', '3', '', '', '1', '', '12/7/22', '12/7/22');
INSERT INTO branches (id,isDeleted,isActive,name,street,city,country,postalCode,phoneNumber,branchCode,branchNumber,province,website,hierarchy,createdBy,editedBy,createdAt,updatedAt) VALUES ('269', '0', '1', 'Bayalbas', 'Bayalbas', '21', 'Nepal', '977', '9854075199', '269', '', '2', '', '', '1', '', '12/8/22', '12/8/22');
INSERT INTO branches (id,isDeleted,isActive,name,street,city,country,postalCode,phoneNumber,branchCode,branchNumber,province,website,hierarchy,createdBy,editedBy,createdAt,updatedAt) VALUES ('270', '0', '1', 'Salyan', 'Salyan', '66', 'Nepal', '977', '9857844447', '510', '', '6', '', '', '1', '', '12/9/22', '12/9/22');
INSERT INTO branches (id,isDeleted,isActive,name,street,city,country,postalCode,phoneNumber,branchCode,branchNumber,province,website,hierarchy,createdBy,editedBy,createdAt,updatedAt) VALUES ('271', '0', '1', 'Rawabesi', 'Khotang', '5', 'Nepal', '977', '9811382649', '520', '', '1', '', '', '1', '', '12/10/22', '12/10/22');
INSERT INTO branches (id,isDeleted,isActive,name,street,city,country,postalCode,phoneNumber,branchCode,branchNumber,province,website,hierarchy,createdBy,editedBy,createdAt,updatedAt) VALUES ('272', '0', '1', 'Chapagaun', 'Lalitpur', '29', 'Nepal', '977', '9851324320', '514', '', '3', '', '', '1', '', '12/11/22', '12/11/22');
SET IDENTITY_INSERT [dbo].[branches] OFF

SET IDENTITY_INSERT [dbo].[departments] ON 
INSERT INTO departments (id,isDeleted,isActive,level,name,parentId,colorCode,hierarchy,createdBy,editedBy,createdAt,updatedAt) VALUES ('8', '0', '1', '0', 'CEO Office', '', '#ffffff', 'Central-001', '1', '', '3/22/22', '3/22/22');
INSERT INTO departments (id,isDeleted,isActive,level,name,parentId,colorCode,hierarchy,createdBy,editedBy,createdAt,updatedAt) VALUES ('9', '0', '1', '0', 'Agriculture and Social Banking Department', '', '#ffffff', 'Central-001', '1', '', '3/23/22', '3/23/22');
INSERT INTO departments (id,isDeleted,isActive,level,name,parentId,colorCode,hierarchy,createdBy,editedBy,createdAt,updatedAt) VALUES ('10', '0', '1', '0', 'Assets Management Department', '', '#ffffff', 'Central-001', '1', '', '3/24/22', '3/24/22');
INSERT INTO departments (id,isDeleted,isActive,level,name,parentId,colorCode,hierarchy,createdBy,editedBy,createdAt,updatedAt) VALUES ('11', '0', '1', '0', 'Branch Operation Department', '', '#ffffff', 'Central-001', '1', '', '3/25/22', '3/25/22');
INSERT INTO departments (id,isDeleted,isActive,level,name,parentId,colorCode,hierarchy,createdBy,editedBy,createdAt,updatedAt) VALUES ('12', '0', '1', '0', 'Compliance Department', '', '#ffffff', 'Central-001', '1', '', '3/26/22', '3/26/22');
INSERT INTO departments (id,isDeleted,isActive,level,name,parentId,colorCode,hierarchy,createdBy,editedBy,createdAt,updatedAt) VALUES ('13', '0', '1', '0', 'Consumer Banking Department', '', '#ffffff', 'Central-001', '1', '', '3/27/22', '3/27/22');
INSERT INTO departments (id,isDeleted,isActive,level,name,parentId,colorCode,hierarchy,createdBy,editedBy,createdAt,updatedAt) VALUES ('14', '0', '1', '0', 'Corporate & SME Department', '', '#ffffff', 'Central-001', '1', '', '3/28/22', '3/28/22');
INSERT INTO departments (id,isDeleted,isActive,level,name,parentId,colorCode,hierarchy,createdBy,editedBy,createdAt,updatedAt) VALUES ('15', '0', '1', '0', 'Credit Administration Department', '', '#ffffff', 'Central-001', '1', '', '3/29/22', '3/29/22');
INSERT INTO departments (id,isDeleted,isActive,level,name,parentId,colorCode,hierarchy,createdBy,editedBy,createdAt,updatedAt) VALUES ('16', '0', '1', '0', 'Digital Banking Department', '', '#ffffff', 'Central-001', '1', '', '3/30/22', '3/30/22');
INSERT INTO departments (id,isDeleted,isActive,level,name,parentId,colorCode,hierarchy,createdBy,editedBy,createdAt,updatedAt) VALUES ('17', '0', '1', '0', 'Finance Department', '', '#ffffff', 'Central-001', '1', '', '3/31/22', '3/31/22');
INSERT INTO departments (id,isDeleted,isActive,level,name,parentId,colorCode,hierarchy,createdBy,editedBy,createdAt,updatedAt) VALUES ('18', '0', '1', '0', 'General Service Department', '', '#ffffff', 'Central-001', '1', '', '4/1/22', '4/1/22');
INSERT INTO departments (id,isDeleted,isActive,level,name,parentId,colorCode,hierarchy,createdBy,editedBy,createdAt,updatedAt) VALUES ('19', '0', '1', '0', 'Human Resource Department', '', '#ffffff', 'Central-001', '1', '', '4/2/22', '4/2/22');
INSERT INTO departments (id,isDeleted,isActive,level,name,parentId,colorCode,hierarchy,createdBy,editedBy,createdAt,updatedAt) VALUES ('20', '0', '1', '0', 'Infrastructure Banking Department', '', '#ffffff', 'Central-001', '1', '', '4/3/22', '4/3/22');
INSERT INTO departments (id,isDeleted,isActive,level,name,parentId,colorCode,hierarchy,createdBy,editedBy,createdAt,updatedAt) VALUES ('21', '0', '1', '0', 'Internal Audit Department', '', '#ffffff', 'Central-001', '1', '', '4/4/22', '4/4/22');
INSERT INTO departments (id,isDeleted,isActive,level,name,parentId,colorCode,hierarchy,createdBy,editedBy,createdAt,updatedAt) VALUES ('22', '0', '1', '0', 'Information Technology Department', '', '#ffffff', 'Central-001', '1', '', '4/5/22', '4/5/22');
INSERT INTO departments (id,isDeleted,isActive,level,name,parentId,colorCode,hierarchy,createdBy,editedBy,createdAt,updatedAt) VALUES ('23', '0', '1', '0', 'Learning & Development Department', '', '#ffffff', 'Central-001', '1', '', '4/6/22', '4/6/22');
INSERT INTO departments (id,isDeleted,isActive,level,name,parentId,colorCode,hierarchy,createdBy,editedBy,createdAt,updatedAt) VALUES ('24', '0', '1', '0', 'Legal Department', '', '#ffffff', 'Central-001', '1', '', '4/7/22', '4/7/22');
INSERT INTO departments (id,isDeleted,isActive,level,name,parentId,colorCode,hierarchy,createdBy,editedBy,createdAt,updatedAt) VALUES ('25', '0', '1', '0', 'Loan Monitoring and Recovery Department', '', '#ffffff', 'Central-001', '1', '', '4/8/22', '4/8/22');
INSERT INTO departments (id,isDeleted,isActive,level,name,parentId,colorCode,hierarchy,createdBy,editedBy,createdAt,updatedAt) VALUES ('26', '0', '1', '0', 'Marketing Department', '', '#ffffff', 'Central-001', '1', '', '4/9/22', '4/9/22');
INSERT INTO departments (id,isDeleted,isActive,level,name,parentId,colorCode,hierarchy,createdBy,editedBy,createdAt,updatedAt) VALUES ('27', '0', '1', '0', 'Payment and Settlement Department', '', '#ffffff', 'Central-001', '1', '', '4/10/22', '4/10/22');
INSERT INTO departments (id,isDeleted,isActive,level,name,parentId,colorCode,hierarchy,createdBy,editedBy,createdAt,updatedAt) VALUES ('28', '0', '1', '0', '"Planning, Research and MIS Department"', '', '#ffffff', 'Central-001', '1', '', '4/11/22', '4/11/22');
INSERT INTO departments (id,isDeleted,isActive,level,name,parentId,colorCode,hierarchy,createdBy,editedBy,createdAt,updatedAt) VALUES ('29', '0', '1', '0', 'Risk Management Department', '', '#ffffff', 'Central-001', '1', '', '4/12/22', '4/12/22');
INSERT INTO departments (id,isDeleted,isActive,level,name,parentId,colorCode,hierarchy,createdBy,editedBy,createdAt,updatedAt) VALUES ('30', '0', '1', '0', 'Trade Finance Department', '', '#ffffff', 'Central-001', '1', '', '4/13/22', '4/13/22');
INSERT INTO departments (id,isDeleted,isActive,level,name,parentId,colorCode,hierarchy,createdBy,editedBy,createdAt,updatedAt) VALUES ('31', '0', '1', '0', 'Treasury Department', '', '#ffffff', 'Central-001', '1', '', '4/14/22', '4/14/22');
SET IDENTITY_INSERT [dbo].[departments] OFF



truncate table document_conditions
SET IDENTITY_INSERT [dbo].[document_conditions] ON 
INSERT INTO document_conditions ("id","isDeleted","name","createdBy","editedBy","createdAt","updatedAt") VALUES ('1', '0', 'Good', '1', '', '5/25/22', '5/25/22');
INSERT INTO document_conditions ("id","isDeleted","name","createdBy","editedBy","createdAt","updatedAt") VALUES ('2', '0', 'Fair', '1', '', '5/26/22', '5/26/22');
INSERT INTO document_conditions ("id","isDeleted","name","createdBy","editedBy","createdAt","updatedAt") VALUES ('3', '0', 'Bad', '1', '', '5/27/22', '5/27/22');
SET IDENTITY_INSERT [dbo].[document_conditions] OFF 

truncate table languages
SET IDENTITY_INSERT [dbo].[languages] ON 
INSERT INTO languages ("id","isDeleted","name","code","createdBy","editedBy","createdAt","updatedAt") VALUES ('1', '0', 'English', '', '1', '', '5/25/22', '5/25/22');
INSERT INTO languages ("id","isDeleted","name","code","createdBy","editedBy","createdAt","updatedAt") VALUES ('2', '0', 'Nepali', '', '1', '', '5/26/22', '5/26/22');
SET IDENTITY_INSERT [dbo].[languages] OFF 

Truncate table location_types 
SET IDENTITY_INSERT [dbo].[location_types] ON 
INSERT INTO location_types (id,isDeleted,name,createdBy,editedBy,createdAt,updatedAt) VALUES ('1', '0', 'Individual Department Location', '1', '', '5/25/22', '5/25/22');
INSERT INTO location_types (id,isDeleted,name,createdBy,editedBy,createdAt,updatedAt) VALUES ('2', '0', 'Individual Branch Location', '1', '', '5/26/22', '5/26/22');
INSERT INTO location_types (id,isDeleted,name,createdBy,editedBy,createdAt,updatedAt) VALUES ('3', '0', 'Individual Province Location', '1', '', '5/27/22', '5/27/22');
INSERT INTO location_types (id,isDeleted,name,createdBy,editedBy,createdAt,updatedAt) VALUES ('4', '0', 'Shared Location', '1', '', '5/28/22', '5/28/22');
SET IDENTITY_INSERT [dbo].[location_types] OFF 

truncate table security_hierarchies
SET IDENTITY_INSERT [dbo].[security_hierarchies] ON 
INSERT INTO security_hierarchies (id,isDeleted,code,level,name,parentId,departmentId,type,createdAt,updatedAt,branchId) VALUES ('1', '0', 'Super-000', '0', 'Super Hierarchy', '', '', '', '3/22/22', '3/22/22', '');
INSERT INTO security_hierarchies (id,isDeleted,code,level,name,parentId,departmentId,type,createdAt,updatedAt,branchId) VALUES ('2', '0', 'Super-001', '1', 'Root Hierarchy', '1', '', '', '3/23/22', '3/23/22', '');
INSERT INTO security_hierarchies (id,isDeleted,code,level,name,parentId,departmentId,type,createdAt,updatedAt,branchId) VALUES ('3', '0', 'Head-002', '2', 'Head Branch', '2', '', '', '3/24/22', '3/24/22', '');
INSERT INTO security_hierarchies (id,isDeleted,code,level,name,parentId,departmentId,type,createdAt,updatedAt,branchId) VALUES ('4', '0', 'Central-002', '2', 'Central Office', '2', '', '', '3/25/22', '3/25/22', '');
INSERT INTO security_hierarchies (id,isDeleted,code,level,name,parentId,departmentId,type,createdAt,updatedAt,branchId) VALUES ('5', '0', 'Province_1', '3', 'Province 1', '3', '', '', '3/26/22', '3/26/22', '');
INSERT INTO security_hierarchies (id,isDeleted,code,level,name,parentId,departmentId,type,createdAt,updatedAt,branchId) VALUES ('6', '0', 'Province_2', '3', 'Province 2', '3', '', '', '3/27/22', '3/27/22', '');
INSERT INTO security_hierarchies (id,isDeleted,code,level,name,parentId,departmentId,type,createdAt,updatedAt,branchId) VALUES ('7', '0', 'Bagmati_Province', '3', 'Bagmati_Province', '3', '', '', '3/28/22', '3/28/22', '');
INSERT INTO security_hierarchies (id,isDeleted,code,level,name,parentId,departmentId,type,createdAt,updatedAt,branchId) VALUES ('8', '0', 'Gandaki_Province', '3', 'Gandaki Province', '3', '', '', '3/29/22', '3/29/22', '');
INSERT INTO security_hierarchies (id,isDeleted,code,level,name,parentId,departmentId,type,createdAt,updatedAt,branchId) VALUES ('9', '0', 'Lumbini Province', '3', 'Lumbini_Province', '3', '', '', '3/30/22', '3/30/22', '');
INSERT INTO security_hierarchies (id,isDeleted,code,level,name,parentId,departmentId,type,createdAt,updatedAt,branchId) VALUES ('10', '0', 'Karnali Province', '3', 'Karnali_Province', '3', '', '', '3/31/22', '3/31/22', '');
INSERT INTO security_hierarchies (id,isDeleted,code,level,name,parentId,departmentId,type,createdAt,updatedAt,branchId) VALUES ('11', '0', 'Sudurpashchim Province', '3', 'Sudurpashchim_Province', '3', '', '', '4/1/22', '4/1/22', '');
INSERT INTO security_hierarchies (id,isDeleted,code,level,name,parentId,departmentId,type,createdAt,updatedAt,branchId) VALUES ('26', '0', 'CONSTANT', '1', 'CONSTANT', '1', '', 'constant', '4/2/22', '4/2/22', '');
INSERT INTO security_hierarchies (id,isDeleted,code,level,name,parentId,departmentId,type,createdAt,updatedAt,branchId) VALUES ('27', '0', 'Dept_8', '2', 'Dept_CEO Office', '2', '8', 'department', '4/3/22', '4/3/22', '');
INSERT INTO security_hierarchies (id,isDeleted,code,level,name,parentId,departmentId,type,createdAt,updatedAt,branchId) VALUES ('28', '0', 'Dept_9', '3', 'Dept_Agriculture and Social Banking Department', '4', '9', 'department', '4/4/22', '4/4/22', '');
INSERT INTO security_hierarchies (id,isDeleted,code,level,name,parentId,departmentId,type,createdAt,updatedAt,branchId) VALUES ('29', '0', 'Dept_10', '3', 'Dept_Assets Management Department', '4', '10', 'department', '4/5/22', '4/5/22', '');
INSERT INTO security_hierarchies (id,isDeleted,code,level,name,parentId,departmentId,type,createdAt,updatedAt,branchId) VALUES ('30', '0', 'Dept_11', '3', 'Dept_Branch Operation Department', '4', '11', 'department', '4/6/22', '4/6/22', '');
INSERT INTO security_hierarchies (id,isDeleted,code,level,name,parentId,departmentId,type,createdAt,updatedAt,branchId) VALUES ('31', '0', 'Dept_12', '3', 'Dept_Compliance Department', '4', '12', 'department', '4/7/22', '4/7/22', '');
INSERT INTO security_hierarchies (id,isDeleted,code,level,name,parentId,departmentId,type,createdAt,updatedAt,branchId) VALUES ('32', '0', 'Dept_13', '3', 'Dept_Consumer Banking Department', '4', '13', 'department', '4/8/22', '4/8/22', '');
INSERT INTO security_hierarchies (id,isDeleted,code,level,name,parentId,departmentId,type,createdAt,updatedAt,branchId) VALUES ('33', '0', 'Dept_14', '3', 'Dept_Corporate & SME Department', '4', '14', 'department', '4/9/22', '4/9/22', '');
INSERT INTO security_hierarchies (id,isDeleted,code,level,name,parentId,departmentId,type,createdAt,updatedAt,branchId) VALUES ('34', '0', 'Dept_15', '3', 'Dept_Credit Administration Department', '4', '15', 'department', '4/10/22', '4/10/22', '');
INSERT INTO security_hierarchies (id,isDeleted,code,level,name,parentId,departmentId,type,createdAt,updatedAt,branchId) VALUES ('35', '0', 'Dept_16', '3', 'Dept_Digital Banking Department', '4', '16', 'department', '4/11/22', '4/11/22', '');
INSERT INTO security_hierarchies (id,isDeleted,code,level,name,parentId,departmentId,type,createdAt,updatedAt,branchId) VALUES ('36', '0', 'Dept_17', '3', 'Dept_Finance Department', '4', '17', 'department', '4/12/22', '4/12/22', '');
INSERT INTO security_hierarchies (id,isDeleted,code,level,name,parentId,departmentId,type,createdAt,updatedAt,branchId) VALUES ('37', '0', 'Dept_18', '3', 'Dept_General Service Department', '4', '18', 'department', '4/13/22', '4/13/22', '');
INSERT INTO security_hierarchies (id,isDeleted,code,level,name,parentId,departmentId,type,createdAt,updatedAt,branchId) VALUES ('38', '0', 'Dept_19', '2', 'Dept_Human Resource Department', '2', '19', 'department', '4/14/22', '4/14/22', '');
INSERT INTO security_hierarchies (id,isDeleted,code,level,name,parentId,departmentId,type,createdAt,updatedAt,branchId) VALUES ('39', '0', 'Dept_20', '3', 'Dept_Infrastructure Banking Department', '4', '20', 'department', '4/15/22', '4/15/22', '');
INSERT INTO security_hierarchies (id,isDeleted,code,level,name,parentId,departmentId,type,createdAt,updatedAt,branchId) VALUES ('40', '0', 'Dept_21', '2', 'Dept_Internal Audit Department', '2', '21', 'department', '4/16/22', '4/16/22', '');
INSERT INTO security_hierarchies (id,isDeleted,code,level,name,parentId,departmentId,type,createdAt,updatedAt,branchId) VALUES ('41', '0', 'Dept_22', '3', 'Dept_Information Technology Department', '4', '22', 'department', '4/17/22', '4/17/22', '');
INSERT INTO security_hierarchies (id,isDeleted,code,level,name,parentId,departmentId,type,createdAt,updatedAt,branchId) VALUES ('42', '0', 'Dept_23', '3', 'Dept_Learning & Development Department', '4', '23', 'department', '4/18/22', '4/18/22', '');
INSERT INTO security_hierarchies (id,isDeleted,code,level,name,parentId,departmentId,type,createdAt,updatedAt,branchId) VALUES ('43', '0', 'Dept_24', '3', 'Dept_Legal Department', '4', '24', 'department', '4/19/22', '4/19/22', '');
INSERT INTO security_hierarchies (id,isDeleted,code,level,name,parentId,departmentId,type,createdAt,updatedAt,branchId) VALUES ('44', '0', 'Dept_25', '3', 'Dept_Loan Monitoring and Recovery Department', '4', '25', 'department', '4/20/22', '4/20/22', '');
INSERT INTO security_hierarchies (id,isDeleted,code,level,name,parentId,departmentId,type,createdAt,updatedAt,branchId) VALUES ('45', '0', 'Dept_26', '3', 'Dept_Marketing Department', '4', '26', 'department', '4/21/22', '4/21/22', '');
INSERT INTO security_hierarchies (id,isDeleted,code,level,name,parentId,departmentId,type,createdAt,updatedAt,branchId) VALUES ('46', '0', 'Dept_27', '3', 'Dept_Payment and Settlement Department', '4', '27', 'department', '4/22/22', '4/22/22', '');
INSERT INTO security_hierarchies (id,isDeleted,code,level,name,parentId,departmentId,type,createdAt,updatedAt,branchId) VALUES ('47', '0', 'Dept_28', '3', '"Dept_Planning, Research and MIS Department"', '4', '28', 'department', '4/23/22', '4/23/22', '');
INSERT INTO security_hierarchies (id,isDeleted,code,level,name,parentId,departmentId,type,createdAt,updatedAt,branchId) VALUES ('48', '0', 'Dept_29', '2', 'Dept_Risk Management Department', '2', '29', 'department', '4/24/22', '4/24/22', '');
INSERT INTO security_hierarchies (id,isDeleted,code,level,name,parentId,departmentId,type,createdAt,updatedAt,branchId) VALUES ('49', '0', 'Dept_30', '3', 'Dept_Trade Finance Department', '4', '30', 'department', '4/25/22', '4/25/22', '');
INSERT INTO security_hierarchies (id,isDeleted,code,level,name,parentId,departmentId,type,createdAt,updatedAt,branchId) VALUES ('50', '0', 'Dept_31', '3', 'Dept_Treasury Department', '4', '31', 'department', '4/26/22', '4/26/22', '');
INSERT INTO security_hierarchies (id,isDeleted,code,level,name,parentId,departmentId,type,createdAt,updatedAt,branchId) VALUES ('51', '0', 'Branch_123', '4', '1 No. proviencial office Biratnagar', '5', '', 'branch', '4/27/22', '4/27/22', '123');
INSERT INTO security_hierarchies (id,isDeleted,code,level,name,parentId,departmentId,type,createdAt,updatedAt,branchId) VALUES ('52', '0', 'Branch_216', '4', 'Baksila', '5', '', 'branch', '4/28/22', '4/28/22', '216');
INSERT INTO security_hierarchies (id,isDeleted,code,level,name,parentId,departmentId,type,createdAt,updatedAt,branchId) VALUES ('53', '0', 'Branch_195', '4', 'Aeiselukharka', '5', '', 'branch', '4/29/22', '4/29/22', '195');
INSERT INTO security_hierarchies (id,isDeleted,code,level,name,parentId,departmentId,type,createdAt,updatedAt,branchId) VALUES ('54', '0', 'Branch_119', '4', 'Bargachhi', '5', '', 'branch', '4/30/22', '4/30/22', '119');
INSERT INTO security_hierarchies (id,isDeleted,code,level,name,parentId,departmentId,type,createdAt,updatedAt,branchId) VALUES ('55', '0', 'Branch_107', '4', 'Belbari', '5', '', 'branch', '5/1/22', '5/1/22', '107');
INSERT INTO security_hierarchies (id,isDeleted,code,level,name,parentId,departmentId,type,createdAt,updatedAt,branchId) VALUES ('56', '0', 'Branch_204', '4', 'Basantapur', '5', '', 'branch', '5/2/22', '5/2/22', '204');
INSERT INTO security_hierarchies (id,isDeleted,code,level,name,parentId,departmentId,type,createdAt,updatedAt,branchId) VALUES ('57', '0', 'Branch_201', '4', 'Bayarban', '5', '', 'branch', '5/3/22', '5/3/22', '201');
INSERT INTO security_hierarchies (id,isDeleted,code,level,name,parentId,departmentId,type,createdAt,updatedAt,branchId) VALUES ('58', '0', 'Branch_100', '4', 'Bhadrapur', '5', '', 'branch', '5/4/22', '5/4/22', '100');
INSERT INTO security_hierarchies (id,isDeleted,code,level,name,parentId,departmentId,type,createdAt,updatedAt,branchId) VALUES ('59', '0', 'Branch_111', '4', 'Bhojpur', '5', '', 'branch', '5/5/22', '5/5/22', '111');
INSERT INTO security_hierarchies (id,isDeleted,code,level,name,parentId,departmentId,type,createdAt,updatedAt,branchId) VALUES ('60', '0', 'Branch_93', '4', 'Beltar', '5', '', 'branch', '5/6/22', '5/6/22', '93');
INSERT INTO security_hierarchies (id,isDeleted,code,level,name,parentId,departmentId,type,createdAt,updatedAt,branchId) VALUES ('61', '0', 'Branch_122', '4', 'Biratnagar', '5', '', 'branch', '5/7/22', '5/7/22', '122');
INSERT INTO security_hierarchies (id,isDeleted,code,level,name,parentId,departmentId,type,createdAt,updatedAt,branchId) VALUES ('62', '0', 'Branch_103', '4', 'Birtamod', '5', '', 'branch', '5/8/22', '5/8/22', '103');
INSERT INTO security_hierarchies (id,isDeleted,code,level,name,parentId,departmentId,type,createdAt,updatedAt,branchId) VALUES ('63', '0', 'Branch_114', '4', 'Chainpur', '5', '', 'branch', '5/9/22', '5/9/22', '114');
INSERT INTO security_hierarchies (id,isDeleted,code,level,name,parentId,departmentId,type,createdAt,updatedAt,branchId) VALUES ('64', '0', 'Branch_236', '4', 'Chakchaki', '5', '', 'branch', '5/10/22', '5/10/22', '236');
INSERT INTO security_hierarchies (id,isDeleted,code,level,name,parentId,departmentId,type,createdAt,updatedAt,branchId) VALUES ('65', '0', 'Branch_102', '4', 'Damak', '5', '', 'branch', '5/11/22', '5/11/22', '102');
INSERT INTO security_hierarchies (id,isDeleted,code,level,name,parentId,departmentId,type,createdAt,updatedAt,branchId) VALUES ('66', '0', 'Branch_120', '4', 'Devkotachowk', '5', '', 'branch', '5/12/22', '5/12/22', '120');
INSERT INTO security_hierarchies (id,isDeleted,code,level,name,parentId,departmentId,type,createdAt,updatedAt,branchId) VALUES ('67', '0', 'Branch_116', '4', 'Dhankuta', '5', '', 'branch', '5/13/22', '5/13/22', '116');
INSERT INTO security_hierarchies (id,isDeleted,code,level,name,parentId,departmentId,type,createdAt,updatedAt,branchId) VALUES ('68', '0', 'Branch_117', '4', 'Dharan', '5', '', 'branch', '5/14/22', '5/14/22', '117');
INSERT INTO security_hierarchies (id,isDeleted,code,level,name,parentId,departmentId,type,createdAt,updatedAt,branchId) VALUES ('69', '0', 'Branch_84', '4', 'Diktel', '5', '', 'branch', '5/15/22', '5/15/22', '84');
INSERT INTO security_hierarchies (id,isDeleted,code,level,name,parentId,departmentId,type,createdAt,updatedAt,branchId) VALUES ('70', '0', 'Branch_112', '4', 'Dingla', '5', '', 'branch', '5/16/22', '5/16/22', '112');
INSERT INTO security_hierarchies (id,isDeleted,code,level,name,parentId,departmentId,type,createdAt,updatedAt,branchId) VALUES ('71', '0', 'Branch_104', '4', 'Duhabi', '5', '', 'branch', '5/17/22', '5/17/22', '104');
INSERT INTO security_hierarchies (id,isDeleted,code,level,name,parentId,departmentId,type,createdAt,updatedAt,branchId) VALUES ('72', '0', 'Branch_88', '4', 'Gaighat', '5', '', 'branch', '5/18/22', '5/18/22', '88');
INSERT INTO security_hierarchies (id,isDeleted,code,level,name,parentId,departmentId,type,createdAt,updatedAt,branchId) VALUES ('73', '0', 'Branch_207', '4', 'hangpang', '5', '', 'branch', '5/19/22', '5/19/22', '207');
INSERT INTO security_hierarchies (id,isDeleted,code,level,name,parentId,departmentId,type,createdAt,updatedAt,branchId) VALUES ('74', '0', 'Branch_115', '4', 'Hile', '5', '', 'branch', '5/20/22', '5/20/22', '115');
INSERT INTO security_hierarchies (id,isDeleted,code,level,name,parentId,departmentId,type,createdAt,updatedAt,branchId) VALUES ('75', '0', 'Branch_97', '4', 'Ilambazar', '5', '', 'branch', '5/21/22', '5/21/22', '97');
INSERT INTO security_hierarchies (id,isDeleted,code,level,name,parentId,departmentId,type,createdAt,updatedAt,branchId) VALUES ('76', '0', 'Branch_106', '4', 'Inaruwa', '5', '', 'branch', '5/22/22', '5/22/22', '106');
INSERT INTO security_hierarchies (id,isDeleted,code,level,name,parentId,departmentId,type,createdAt,updatedAt,branchId) VALUES ('77', '0', 'Branch_108', '4', 'Itahari', '5', '', 'branch', '5/23/22', '5/23/22', '108');
INSERT INTO security_hierarchies (id,isDeleted,code,level,name,parentId,departmentId,type,createdAt,updatedAt,branchId) VALUES ('78', '0', 'Branch_110', '4', 'Jeettpur', '5', '', 'branch', '5/24/22', '5/24/22', '110');
INSERT INTO security_hierarchies (id,isDeleted,code,level,name,parentId,departmentId,type,createdAt,updatedAt,branchId) VALUES ('79', '0', 'Branch_185', '4', 'Jhapabazar', '5', '', 'branch', '5/25/22', '5/25/22', '185');
INSERT INTO security_hierarchies (id,isDeleted,code,level,name,parentId,departmentId,type,createdAt,updatedAt,branchId) VALUES ('80', '0', 'Branch_237', '4', 'Karsiyabazar', '5', '', 'branch', '5/26/22', '5/26/22', '237');
INSERT INTO security_hierarchies (id,isDeleted,code,level,name,parentId,departmentId,type,createdAt,updatedAt,branchId) VALUES ('81', '0', 'Branch_211', '4', 'Katahari', '5', '', 'branch', '5/27/22', '5/27/22', '211');
INSERT INTO security_hierarchies (id,isDeleted,code,level,name,parentId,departmentId,type,createdAt,updatedAt,branchId) VALUES ('82', '0', 'Branch_91', '4', 'Katari', '5', '', 'branch', '5/28/22', '5/28/22', '91');
INSERT INTO security_hierarchies (id,isDeleted,code,level,name,parentId,departmentId,type,createdAt,updatedAt,branchId) VALUES ('83', '0', 'Branch_113', '4', 'Khandbari', '5', '', 'branch', '5/29/22', '5/29/22', '113');
INSERT INTO security_hierarchies (id,isDeleted,code,level,name,parentId,departmentId,type,createdAt,updatedAt,branchId) VALUES ('84', '0', 'Branch_164', '4', 'Khotangbazar', '5', '', 'branch', '5/30/22', '5/30/22', '164');
INSERT INTO security_hierarchies (id,isDeleted,code,level,name,parentId,departmentId,type,createdAt,updatedAt,branchId) VALUES ('85', '0', 'Branch_196', '4', 'Letang', '5', '', 'branch', '5/31/22', '5/31/22', '196');
INSERT INTO security_hierarchies (id,isDeleted,code,level,name,parentId,departmentId,type,createdAt,updatedAt,branchId) VALUES ('86', '0', 'Branch_82', '4', 'Lukla', '5', '', 'branch', '6/1/22', '6/1/22', '82');
INSERT INTO security_hierarchies (id,isDeleted,code,level,name,parentId,departmentId,type,createdAt,updatedAt,branchId) VALUES ('87', '0', 'Branch_222', '4', 'Madhumalla', '5', '', 'branch', '6/2/22', '6/2/22', '222');
INSERT INTO security_hierarchies (id,isDeleted,code,level,name,parentId,departmentId,type,createdAt,updatedAt,branchId) VALUES ('88', '0', 'Branch_197', '4', 'Mahendrachowk', '5', '', 'branch', '6/3/22', '6/3/22', '197');
INSERT INTO security_hierarchies (id,isDeleted,code,level,name,parentId,departmentId,type,createdAt,updatedAt,branchId) VALUES ('89', '0', 'Branch_179', '4', 'Manebhanjyang', '5', '', 'branch', '6/4/22', '6/4/22', '179');
INSERT INTO security_hierarchies (id,isDeleted,code,level,name,parentId,departmentId,type,createdAt,updatedAt,branchId) VALUES ('90', '0', 'Branch_83', '4', 'Namchebazar', '5', '', 'branch', '6/5/22', '6/5/22', '83');
INSERT INTO security_hierarchies (id,isDeleted,code,level,name,parentId,departmentId,type,createdAt,updatedAt,branchId) VALUES ('91', '0', 'Branch_221', '4', 'Nechabihibare', '5', '', 'branch', '6/6/22', '6/6/22', '221');
INSERT INTO security_hierarchies (id,isDeleted,code,level,name,parentId,departmentId,type,createdAt,updatedAt,branchId) VALUES ('92', '0', 'Branch_85', '4', 'Okhaldhunga', '5', '', 'branch', '6/7/22', '6/7/22', '85');
INSERT INTO security_hierarchies (id,isDeleted,code,level,name,parentId,departmentId,type,createdAt,updatedAt,branchId) VALUES ('93', '0', 'Branch_231', '4', 'Panbari', '5', '', 'branch', '6/8/22', '6/8/22', '231');
INSERT INTO security_hierarchies (id,isDeleted,code,level,name,parentId,departmentId,type,createdAt,updatedAt,branchId) VALUES ('94', '0', 'Branch_99', '4', 'Pashupatinagar', '5', '', 'branch', '6/9/22', '6/9/22', '99');
INSERT INTO security_hierarchies (id,isDeleted,code,level,name,parentId,departmentId,type,createdAt,updatedAt,branchId) VALUES ('95', '0', 'Branch_105', '4', 'Pathari', '5', '', 'branch', '6/10/22', '6/10/22', '105');
INSERT INTO security_hierarchies (id,isDeleted,code,level,name,parentId,departmentId,type,createdAt,updatedAt,branchId) VALUES ('96', '0', 'Branch_96', '4', 'Phidim', '5', '', 'branch', '6/11/22', '6/11/22', '96');
INSERT INTO security_hierarchies (id,isDeleted,code,level,name,parentId,departmentId,type,createdAt,updatedAt,branchId) VALUES ('97', '0', 'Branch_98', '4', 'Phikkal', '5', '', 'branch', '6/12/22', '6/12/22', '98');
INSERT INTO security_hierarchies (id,isDeleted,code,level,name,parentId,departmentId,type,createdAt,updatedAt,branchId) VALUES ('98', '0', 'Branch_271', '4', 'Rawabesi', '5', '', 'branch', '6/13/22', '6/13/22', '271');
INSERT INTO security_hierarchies (id,isDeleted,code,level,name,parentId,departmentId,type,createdAt,updatedAt,branchId) VALUES ('99', '0', 'Branch_81', '4', 'Salleri', '5', '', 'branch', '6/14/22', '6/14/22', '81');
INSERT INTO security_hierarchies (id,isDeleted,code,level,name,parentId,departmentId,type,createdAt,updatedAt,branchId) VALUES ('100', '0', 'Branch_101', '4', 'Shivagunj', '5', '', 'branch', '6/15/22', '6/15/22', '101');
INSERT INTO security_hierarchies (id,isDeleted,code,level,name,parentId,departmentId,type,createdAt,updatedAt,branchId) VALUES ('101', '0', 'Branch_118', '4', 'Sijuwabazar', '5', '', 'branch', '6/16/22', '6/16/22', '118');
INSERT INTO security_hierarchies (id,isDeleted,code,level,name,parentId,departmentId,type,createdAt,updatedAt,branchId) VALUES ('102', '0', 'Branch_121', '4', 'Sukkhabandargaha Biratnagar', '5', '', 'branch', '6/17/22', '6/17/22', '121');
INSERT INTO security_hierarchies (id,isDeleted,code,level,name,parentId,departmentId,type,createdAt,updatedAt,branchId) VALUES ('103', '0', 'Branch_109', '4', 'Urlabari', '5', '', 'branch', '6/18/22', '6/18/22', '109');
INSERT INTO security_hierarchies (id,isDeleted,code,level,name,parentId,departmentId,type,createdAt,updatedAt,branchId) VALUES ('104', '0', 'Branch_184', '4', 'Balara', '6', '', 'branch', '6/19/22', '6/19/22', '184');
INSERT INTO security_hierarchies (id,isDeleted,code,level,name,parentId,departmentId,type,createdAt,updatedAt,branchId) VALUES ('105', '0', 'Branch_246', '4', 'Balawabazar', '6', '', 'branch', '6/20/22', '6/20/22', '246');
INSERT INTO security_hierarchies (id,isDeleted,code,level,name,parentId,departmentId,type,createdAt,updatedAt,branchId) VALUES ('106', '0', 'Branch_70', '4', 'Madhesh Proviencial Office Birgunj', '6', '', 'branch', '6/21/22', '6/21/22', '70');
INSERT INTO security_hierarchies (id,isDeleted,code,level,name,parentId,departmentId,type,createdAt,updatedAt,branchId) VALUES ('107', '0', 'Branch_178', '4', 'Barhathawa', '6', '', 'branch', '6/22/22', '6/22/22', '178');
INSERT INTO security_hierarchies (id,isDeleted,code,level,name,parentId,departmentId,type,createdAt,updatedAt,branchId) VALUES ('108', '0', 'Branch_76', '4', 'Bardibas', '6', '', 'branch', '6/23/22', '6/23/22', '76');
INSERT INTO security_hierarchies (id,isDeleted,code,level,name,parentId,departmentId,type,createdAt,updatedAt,branchId) VALUES ('109', '0', 'Branch_269', '4', 'Bayalbas', '6', '', 'branch', '6/24/22', '6/24/22', '269');
INSERT INTO security_hierarchies (id,isDeleted,code,level,name,parentId,departmentId,type,createdAt,updatedAt,branchId) VALUES ('110', '0', 'Branch_69', '4', 'Birgunj', '6', '', 'branch', '6/25/22', '6/25/22', '69');
INSERT INTO security_hierarchies (id,isDeleted,code,level,name,parentId,departmentId,type,createdAt,updatedAt,branchId) VALUES ('111', '0', 'Branch_247', '4', 'Chandrapur', '6', '', 'branch', '6/26/22', '6/26/22', '247');
INSERT INTO security_hierarchies (id,isDeleted,code,level,name,parentId,departmentId,type,createdAt,updatedAt,branchId) VALUES ('112', '0', 'Branch_77', '4', 'Dhanusha Mahendranagar', '6', '', 'branch', '6/27/22', '6/27/22', '77');
INSERT INTO security_hierarchies (id,isDeleted,code,level,name,parentId,departmentId,type,createdAt,updatedAt,branchId) VALUES ('113', '0', 'Branch_65', '4', 'Garudabazar', '6', '', 'branch', '6/28/22', '6/28/22', '65');
INSERT INTO security_hierarchies (id,isDeleted,code,level,name,parentId,departmentId,type,createdAt,updatedAt,branchId) VALUES ('114', '0', 'Branch_67', '4', 'Gaur', '6', '', 'branch', '6/29/22', '6/29/22', '67');
INSERT INTO security_hierarchies (id,isDeleted,code,level,name,parentId,departmentId,type,createdAt,updatedAt,branchId) VALUES ('115', '0', 'Branch_217', '4', 'Gunjbhawanipur', '6', '', 'branch', '6/30/22', '6/30/22', '217');
INSERT INTO security_hierarchies (id,isDeleted,code,level,name,parentId,departmentId,type,createdAt,updatedAt,branchId) VALUES ('116', '0', 'Branch_95', '4', 'Hanumannagar', '6', '', 'branch', '7/1/22', '7/1/22', '95');
INSERT INTO security_hierarchies (id,isDeleted,code,level,name,parentId,departmentId,type,createdAt,updatedAt,branchId) VALUES ('117', '0', 'Branch_210', '4', 'Ishnath', '6', '', 'branch', '7/2/22', '7/2/22', '210');
INSERT INTO security_hierarchies (id,isDeleted,code,level,name,parentId,departmentId,type,createdAt,updatedAt,branchId) VALUES ('118', '0', 'Branch_80', '4', 'Jadukoha', '6', '', 'branch', '7/3/22', '7/3/22', '80');
INSERT INTO security_hierarchies (id,isDeleted,code,level,name,parentId,departmentId,type,createdAt,updatedAt,branchId) VALUES ('119', '0', 'Branch_75', '4', 'Jaleshwor', '6', '', 'branch', '7/4/22', '7/4/22', '75');
INSERT INTO security_hierarchies (id,isDeleted,code,level,name,parentId,departmentId,type,createdAt,updatedAt,branchId) VALUES ('120', '0', 'Branch_78', '4', 'Janakpur', '6', '', 'branch', '7/5/22', '7/5/22', '78');
INSERT INTO security_hierarchies (id,isDeleted,code,level,name,parentId,departmentId,type,createdAt,updatedAt,branchId) VALUES ('121', '0', 'Branch_64', '4', 'Kalaiya', '6', '', 'branch', '7/6/22', '7/6/22', '64');
INSERT INTO security_hierarchies (id,isDeleted,code,level,name,parentId,departmentId,type,createdAt,updatedAt,branchId) VALUES ('122', '0', 'Branch_92', '4', 'Kathauna', '6', '', 'branch', '7/7/22', '7/7/22', '92');
INSERT INTO security_hierarchies (id,isDeleted,code,level,name,parentId,departmentId,type,createdAt,updatedAt,branchId) VALUES ('123', '0', 'Branch_90', '4', 'Lahan', '6', '', 'branch', '7/8/22', '7/8/22', '90');
INSERT INTO security_hierarchies (id,isDeleted,code,level,name,parentId,departmentId,type,createdAt,updatedAt,branchId) VALUES ('124', '0', 'Branch_74', '4', 'Lalbandi', '6', '', 'branch', '7/9/22', '7/9/22', '74');
INSERT INTO security_hierarchies (id,isDeleted,code,level,name,parentId,departmentId,type,createdAt,updatedAt,branchId) VALUES ('125', '0', 'Branch_209', '4', 'Maulapur', '6', '', 'branch', '7/10/22', '7/10/22', '209');
INSERT INTO security_hierarchies (id,isDeleted,code,level,name,parentId,departmentId,type,createdAt,updatedAt,branchId) VALUES ('126', '0', 'Branch_87', '4', 'Mirchaiya', '6', '', 'branch', '7/11/22', '7/11/22', '87');
INSERT INTO security_hierarchies (id,isDeleted,code,level,name,parentId,departmentId,type,createdAt,updatedAt,branchId) VALUES ('127', '0', 'Branch_68', '4', 'Nijgadh', '6', '', 'branch', '7/12/22', '7/12/22', '68');
INSERT INTO security_hierarchies (id,isDeleted,code,level,name,parentId,departmentId,type,createdAt,updatedAt,branchId) VALUES ('128', '0', 'Branch_79', '4', 'Pidarichowk', '6', '', 'branch', '7/13/22', '7/13/22', '79');
INSERT INTO security_hierarchies (id,isDeleted,code,level,name,parentId,departmentId,type,createdAt,updatedAt,branchId) VALUES ('129', '0', 'Branch_248', '4', 'Pipara', '6', '', 'branch', '7/14/22', '7/14/22', '248');
INSERT INTO security_hierarchies (id,isDeleted,code,level,name,parentId,departmentId,type,createdAt,updatedAt,branchId) VALUES ('130', '0', 'Branch_244', '4', 'Pokhariya', '6', '', 'branch', '7/15/22', '7/15/22', '244');
INSERT INTO security_hierarchies (id,isDeleted,code,level,name,parentId,departmentId,type,createdAt,updatedAt,branchId) VALUES ('131', '0', 'Branch_94', '4', 'Rajbiraj', '6', '', 'branch', '7/16/22', '7/16/22', '94');
INSERT INTO security_hierarchies (id,isDeleted,code,level,name,parentId,departmentId,type,createdAt,updatedAt,branchId) VALUES ('132', '0', 'Branch_66', '4', 'Shreepur', '6', '', 'branch', '7/17/22', '7/17/22', '66');
INSERT INTO security_hierarchies (id,isDeleted,code,level,name,parentId,departmentId,type,createdAt,updatedAt,branchId) VALUES ('133', '0', 'Branch_174', '4', 'Simara', '6', '', 'branch', '7/18/22', '7/18/22', '174');
INSERT INTO security_hierarchies (id,isDeleted,code,level,name,parentId,departmentId,type,createdAt,updatedAt,branchId) VALUES ('134', '0', 'Branch_89', '4', 'Siraha', '6', '', 'branch', '7/19/22', '7/19/22', '89');
INSERT INTO security_hierarchies (id,isDeleted,code,level,name,parentId,departmentId,type,createdAt,updatedAt,branchId) VALUES ('135', '0', 'Branch_86', '4', 'Sukhipur', '6', '', 'branch', '7/20/22', '7/20/22', '86');
INSERT INTO security_hierarchies (id,isDeleted,code,level,name,parentId,departmentId,type,createdAt,updatedAt,branchId) VALUES ('136', '0', 'Branch_213', '4', 'Suvarnapur', '6', '', 'branch', '7/21/22', '7/21/22', '213');
INSERT INTO security_hierarchies (id,isDeleted,code,level,name,parentId,departmentId,type,createdAt,updatedAt,branchId) VALUES ('137', '0', 'Branch_166', '4', 'Balaju', '7', '', 'branch', '7/22/22', '7/22/22', '166');
INSERT INTO security_hierarchies (id,isDeleted,code,level,name,parentId,departmentId,type,createdAt,updatedAt,branchId) VALUES ('138', '0', 'Branch_268', '4', 'Balambu', '7', '', 'branch', '7/23/22', '7/23/22', '268');
INSERT INTO security_hierarchies (id,isDeleted,code,level,name,parentId,departmentId,type,createdAt,updatedAt,branchId) VALUES ('139', '0', 'Branch_149', '4', 'Bagmati proviencial office Kathmandu', '7', '', 'branch', '7/24/22', '7/24/22', '149');
INSERT INTO security_hierarchies (id,isDeleted,code,level,name,parentId,departmentId,type,createdAt,updatedAt,branchId) VALUES ('140', '0', 'Branch_168', '4', 'Banepa', '7', '', 'branch', '7/25/22', '7/25/22', '168');
INSERT INTO security_hierarchies (id,isDeleted,code,level,name,parentId,departmentId,type,createdAt,updatedAt,branchId) VALUES ('141', '0', 'Branch_139', '4', 'Baneshwor', '7', '', 'branch', '7/26/22', '7/26/22', '139');
INSERT INTO security_hierarchies (id,isDeleted,code,level,name,parentId,departmentId,type,createdAt,updatedAt,branchId) VALUES ('142', '0', 'Branch_257', '4', 'Bhaisepati', '7', '', 'branch', '7/27/22', '7/27/22', '257');
INSERT INTO security_hierarchies (id,isDeleted,code,level,name,parentId,departmentId,type,createdAt,updatedAt,branchId) VALUES ('143', '0', 'Branch_191', '4', 'Bhakundebesi', '7', '', 'branch', '7/28/22', '7/28/22', '191');
INSERT INTO security_hierarchies (id,isDeleted,code,level,name,parentId,departmentId,type,createdAt,updatedAt,branchId) VALUES ('144', '0', 'Branch_186', '4', 'Bhiman', '7', '', 'branch', '7/29/22', '7/29/22', '186');
INSERT INTO security_hierarchies (id,isDeleted,code,level,name,parentId,departmentId,type,createdAt,updatedAt,branchId) VALUES ('145', '0', 'Branch_245', '4', 'Bhimphedi', '7', '', 'branch', '7/30/22', '7/30/22', '245');
INSERT INTO security_hierarchies (id,isDeleted,code,level,name,parentId,departmentId,type,createdAt,updatedAt,branchId) VALUES ('146', '0', 'Branch_9', '4', 'Bharatpur', '7', '', 'branch', '7/31/22', '7/31/22', '9');
INSERT INTO security_hierarchies (id,isDeleted,code,level,name,parentId,departmentId,type,createdAt,updatedAt,branchId) VALUES ('147', '0', 'Branch_140', '4', 'Bhotahity', '7', '', 'branch', '8/1/22', '8/1/22', '140');
INSERT INTO security_hierarchies (id,isDeleted,code,level,name,parentId,departmentId,type,createdAt,updatedAt,branchId) VALUES ('148', '0', 'Branch_165', '4', 'Bidur', '7', '', 'branch', '8/2/22', '8/2/22', '165');
INSERT INTO security_hierarchies (id,isDeleted,code,level,name,parentId,departmentId,type,createdAt,updatedAt,branchId) VALUES ('149', '0', 'Branch_223', '4', 'Boudha', '7', '', 'branch', '8/3/22', '8/3/22', '223');
INSERT INTO security_hierarchies (id,isDeleted,code,level,name,parentId,departmentId,type,createdAt,updatedAt,branchId) VALUES ('150', '0', 'Branch_128', '4', 'Budhanilkantha', '7', '', 'branch', '8/4/22', '8/4/22', '128');
INSERT INTO security_hierarchies (id,isDeleted,code,level,name,parentId,departmentId,type,createdAt,updatedAt,branchId) VALUES ('151', '0', 'Branch_272', '4', 'Chapagaun', '7', '', 'branch', '8/5/22', '8/5/22', '272');
INSERT INTO security_hierarchies (id,isDeleted,code,level,name,parentId,departmentId,type,createdAt,updatedAt,branchId) VALUES ('152', '0', 'Branch_163', '4', 'Charikot', '7', '', 'branch', '8/6/22', '8/6/22', '163');
INSERT INTO security_hierarchies (id,isDeleted,code,level,name,parentId,departmentId,type,createdAt,updatedAt,branchId) VALUES ('153', '0', 'Branch_267', '4', 'Chautara', '7', '', 'branch', '8/7/22', '8/7/22', '267');
INSERT INTO security_hierarchies (id,isDeleted,code,level,name,parentId,departmentId,type,createdAt,updatedAt,branchId) VALUES ('154', '0', 'Branch_143', '4', 'Dhading', '7', '', 'branch', '8/8/22', '8/8/22', '143');
INSERT INTO security_hierarchies (id,isDeleted,code,level,name,parentId,departmentId,type,createdAt,updatedAt,branchId) VALUES ('155', '0', 'Branch_129', '4', 'Dhulikhel', '7', '', 'branch', '8/9/22', '8/9/22', '129');
INSERT INTO security_hierarchies (id,isDeleted,code,level,name,parentId,departmentId,type,createdAt,updatedAt,branchId) VALUES ('156', '0', 'Branch_200', '4', 'Durbarmarga', '7', '', 'branch', '8/10/22', '8/10/22', '200');
INSERT INTO security_hierarchies (id,isDeleted,code,level,name,parentId,departmentId,type,createdAt,updatedAt,branchId) VALUES ('157', '0', 'Branch_171', '4', 'Gajuri', '7', '', 'branch', '8/11/22', '8/11/22', '171');
INSERT INTO security_hierarchies (id,isDeleted,code,level,name,parentId,departmentId,type,createdAt,updatedAt,branchId) VALUES ('158', '0', 'Branch_136', '4', 'Gaushala', '7', '', 'branch', '8/12/22', '8/12/22', '136');
INSERT INTO security_hierarchies (id,isDeleted,code,level,name,parentId,departmentId,type,createdAt,updatedAt,branchId) VALUES ('159', '0', 'Branch_8', '4', 'Hetauda', '7', '', 'branch', '8/13/22', '8/13/22', '8');
INSERT INTO security_hierarchies (id,isDeleted,code,level,name,parentId,departmentId,type,createdAt,updatedAt,branchId) VALUES ('160', '0', 'Branch_145', '4', 'Jalbire', '7', '', 'branch', '8/14/22', '8/14/22', '145');
INSERT INTO security_hierarchies (id,isDeleted,code,level,name,parentId,departmentId,type,createdAt,updatedAt,branchId) VALUES ('161', '0', 'Branch_134', '4', 'Kalanki', '7', '', 'branch', '8/15/22', '8/15/22', '134');
INSERT INTO security_hierarchies (id,isDeleted,code,level,name,parentId,departmentId,type,createdAt,updatedAt,branchId) VALUES ('162', '0', 'Branch_215', '4', 'Kalikasthan', '7', '', 'branch', '8/16/22', '8/16/22', '215');
INSERT INTO security_hierarchies (id,isDeleted,code,level,name,parentId,departmentId,type,createdAt,updatedAt,branchId) VALUES ('163', '0', 'Branch_266', '4', 'Kamalbinayak', '7', '', 'branch', '8/17/22', '8/17/22', '266');
INSERT INTO security_hierarchies (id,isDeleted,code,level,name,parentId,departmentId,type,createdAt,updatedAt,branchId) VALUES ('164', '0', 'Branch_205', '4', 'Kapilakot', '7', '', 'branch', '8/18/22', '8/18/22', '205');
INSERT INTO security_hierarchies (id,isDeleted,code,level,name,parentId,departmentId,type,createdAt,updatedAt,branchId) VALUES ('165', '0', 'Branch_169', '4', 'Khanikhola', '7', '', 'branch', '8/19/22', '8/19/22', '169');
INSERT INTO security_hierarchies (id,isDeleted,code,level,name,parentId,departmentId,type,createdAt,updatedAt,branchId) VALUES ('166', '0', 'Branch_124', '4', 'Kharanitar', '7', '', 'branch', '8/20/22', '8/20/22', '124');
INSERT INTO security_hierarchies (id,isDeleted,code,level,name,parentId,departmentId,type,createdAt,updatedAt,branchId) VALUES ('167', '0', 'Branch_137', '4', 'Kirtipur', '7', '', 'branch', '8/21/22', '8/21/22', '137');
INSERT INTO security_hierarchies (id,isDeleted,code,level,name,parentId,departmentId,type,createdAt,updatedAt,branchId) VALUES ('168', '0', 'Branch_238', '4', 'Koteshwor', '7', '', 'branch', '8/22/22', '8/22/22', '238');
INSERT INTO security_hierarchies (id,isDeleted,code,level,name,parentId,departmentId,type,createdAt,updatedAt,branchId) VALUES ('169', '0', 'Branch_167', '4', 'Lalitpur', '7', '', 'branch', '8/23/22', '8/23/22', '167');
INSERT INTO security_hierarchies (id,isDeleted,code,level,name,parentId,departmentId,type,createdAt,updatedAt,branchId) VALUES ('170', '0', 'Branch_125', '4', 'Lubhu', '7', '', 'branch', '8/24/22', '8/24/22', '125');
INSERT INTO security_hierarchies (id,isDeleted,code,level,name,parentId,departmentId,type,createdAt,updatedAt,branchId) VALUES ('171', '0', 'Branch_262', '4', 'Madi', '7', '', 'branch', '8/25/22', '8/25/22', '262');
INSERT INTO security_hierarchies (id,isDeleted,code,level,name,parentId,departmentId,type,createdAt,updatedAt,branchId) VALUES ('172', '0', 'Branch_138', '4', 'Maharajgunj', '7', '', 'branch', '8/26/22', '8/26/22', '138');
INSERT INTO security_hierarchies (id,isDeleted,code,level,name,parentId,departmentId,type,createdAt,updatedAt,branchId) VALUES ('173', '0', 'Branch_132', '4', 'Maitidevi', '7', '', 'branch', '8/27/22', '8/27/22', '132');
INSERT INTO security_hierarchies (id,isDeleted,code,level,name,parentId,departmentId,type,createdAt,updatedAt,branchId) VALUES ('174', '0', 'Branch_234', '4', 'Malekhu', '7', '', 'branch', '8/28/22', '8/28/22', '234');
INSERT INTO security_hierarchies (id,isDeleted,code,level,name,parentId,departmentId,type,createdAt,updatedAt,branchId) VALUES ('175', '0', 'Branch_73', '4', 'Manthali', '7', '', 'branch', '8/29/22', '8/29/22', '73');
INSERT INTO security_hierarchies (id,isDeleted,code,level,name,parentId,departmentId,type,createdAt,updatedAt,branchId) VALUES ('176', '0', 'Branch_62', '4', 'Narayangadh', '7', '', 'branch', '8/30/22', '8/30/22', '62');
INSERT INTO security_hierarchies (id,isDeleted,code,level,name,parentId,departmentId,type,createdAt,updatedAt,branchId) VALUES ('177', '0', 'Branch_141', '4', 'Naxal', '7', '', 'branch', '8/31/22', '8/31/22', '141');
INSERT INTO security_hierarchies (id,isDeleted,code,level,name,parentId,departmentId,type,createdAt,updatedAt,branchId) VALUES ('178', '0', 'Branch_256', '4', 'Netrawati', '7', '', 'branch', '9/1/22', '9/1/22', '256');
INSERT INTO security_hierarchies (id,isDeleted,code,level,name,parentId,departmentId,type,createdAt,updatedAt,branchId) VALUES ('179', '0', 'Branch_61', '4', 'Parsadhap', '7', '', 'branch', '9/2/22', '9/2/22', '61');
INSERT INTO security_hierarchies (id,isDeleted,code,level,name,parentId,departmentId,type,createdAt,updatedAt,branchId) VALUES ('180', '0', 'Branch_126', '4', 'Pharping', '7', '', 'branch', '9/3/22', '9/3/22', '126');
INSERT INTO security_hierarchies (id,isDeleted,code,level,name,parentId,departmentId,type,createdAt,updatedAt,branchId) VALUES ('181', '0', 'Branch_131', '4', 'Pulchowk', '7', '', 'branch', '9/4/22', '9/4/22', '131');
INSERT INTO security_hierarchies (id,isDeleted,code,level,name,parentId,departmentId,type,createdAt,updatedAt,branchId) VALUES ('182', '0', 'Branch_142', '4', 'Putalisadak', '7', '', 'branch', '9/5/22', '9/5/22', '142');
INSERT INTO security_hierarchies (id,isDeleted,code,level,name,parentId,departmentId,type,createdAt,updatedAt,branchId) VALUES ('183', '0', 'Branch_72', '4', 'Ramechhap', '7', '', 'branch', '9/6/22', '9/6/22', '72');
INSERT INTO security_hierarchies (id,isDeleted,code,level,name,parentId,departmentId,type,createdAt,updatedAt,branchId) VALUES ('184', '0', 'Branch_162', '4', 'Ratamata', '7', '', 'branch', '9/7/22', '9/7/22', '162');
INSERT INTO security_hierarchies (id,isDeleted,code,level,name,parentId,departmentId,type,createdAt,updatedAt,branchId) VALUES ('185', '0', 'Branch_175', '4', 'Ratnanagar', '7', '', 'branch', '9/8/22', '9/8/22', '175');
INSERT INTO security_hierarchies (id,isDeleted,code,level,name,parentId,departmentId,type,createdAt,updatedAt,branchId) VALUES ('186', '0', 'Branch_214', '4', 'Sanghutar', '7', '', 'branch', '9/9/22', '9/9/22', '214');
INSERT INTO security_hierarchies (id,isDeleted,code,level,name,parentId,departmentId,type,createdAt,updatedAt,branchId) VALUES ('187', '0', 'Branch_147', '4', 'Sanothimi', '7', '', 'branch', '9/10/22', '9/10/22', '147');
INSERT INTO security_hierarchies (id,isDeleted,code,level,name,parentId,departmentId,type,createdAt,updatedAt,branchId) VALUES ('188', '0', 'Branch_71', '4', 'Sindhuli', '7', '', 'branch', '9/11/22', '9/11/22', '71');
INSERT INTO security_hierarchies (id,isDeleted,code,level,name,parentId,departmentId,type,createdAt,updatedAt,branchId) VALUES ('189', '0', 'Branch_230', '4', 'Singhadurbar Parisar', '7', '', 'branch', '9/12/22', '9/12/22', '230');
INSERT INTO security_hierarchies (id,isDeleted,code,level,name,parentId,departmentId,type,createdAt,updatedAt,branchId) VALUES ('190', '0', 'Branch_144', '4', 'Suryabinayak', '7', '', 'branch', '9/13/22', '9/13/22', '144');
INSERT INTO security_hierarchies (id,isDeleted,code,level,name,parentId,departmentId,type,createdAt,updatedAt,branchId) VALUES ('191', '0', 'Branch_258', '4', 'Swayambhu', '7', '', 'branch', '9/14/22', '9/14/22', '258');
INSERT INTO security_hierarchies (id,isDeleted,code,level,name,parentId,departmentId,type,createdAt,updatedAt,branchId) VALUES ('192', '0', 'Branch_146', '4', 'T.I.Airport', '7', '', 'branch', '9/15/22', '9/15/22', '146');
INSERT INTO security_hierarchies (id,isDeleted,code,level,name,parentId,departmentId,type,createdAt,updatedAt,branchId) VALUES ('193', '0', 'Branch_130', '4', 'Teku', '7', '', 'branch', '9/16/22', '9/16/22', '130');
INSERT INTO security_hierarchies (id,isDeleted,code,level,name,parentId,departmentId,type,createdAt,updatedAt,branchId) VALUES ('194', '0', 'Branch_263', '4', 'Thaiba', '7', '', 'branch', '9/17/22', '9/17/22', '263');
INSERT INTO security_hierarchies (id,isDeleted,code,level,name,parentId,departmentId,type,createdAt,updatedAt,branchId) VALUES ('195', '0', 'Branch_264', '4', 'Thali', '7', '', 'branch', '9/18/22', '9/18/22', '264');
INSERT INTO security_hierarchies (id,isDeleted,code,level,name,parentId,departmentId,type,createdAt,updatedAt,branchId) VALUES ('196', '0', 'Branch_127', '4', 'Thamel', '7', '', 'branch', '9/19/22', '9/19/22', '127');
INSERT INTO security_hierarchies (id,isDeleted,code,level,name,parentId,departmentId,type,createdAt,updatedAt,branchId) VALUES ('197', '0', 'Branch_133', '4', 'Thapathali', '7', '', 'branch', '9/20/22', '9/20/22', '133');
INSERT INTO security_hierarchies (id,isDeleted,code,level,name,parentId,departmentId,type,createdAt,updatedAt,branchId) VALUES ('198', '0', 'Branch_135', '4', 'Thimi', '7', '', 'branch', '9/21/22', '9/21/22', '135');
INSERT INTO security_hierarchies (id,isDeleted,code,level,name,parentId,departmentId,type,createdAt,updatedAt,branchId) VALUES ('199', '0', 'Branch_254', '4', 'Thosey', '7', '', 'branch', '9/22/22', '9/22/22', '254');
INSERT INTO security_hierarchies (id,isDeleted,code,level,name,parentId,departmentId,type,createdAt,updatedAt,branchId) VALUES ('200', '0', 'Branch_239', '4', 'Tokha', '7', '', 'branch', '9/23/22', '9/23/22', '239');
INSERT INTO security_hierarchies (id,isDeleted,code,level,name,parentId,departmentId,type,createdAt,updatedAt,branchId) VALUES ('201', '0', 'Branch_60', '4', 'Gandaki proviencial office Pokhara', '8', '', 'branch', '9/24/22', '9/24/22', '60');
INSERT INTO security_hierarchies (id,isDeleted,code,level,name,parentId,departmentId,type,createdAt,updatedAt,branchId) VALUES ('202', '0', 'Branch_170', '4', 'Aarughat', '8', '', 'branch', '9/25/22', '9/25/22', '170');
INSERT INTO security_hierarchies (id,isDeleted,code,level,name,parentId,departmentId,type,createdAt,updatedAt,branchId) VALUES ('203', '0', 'Branch_59', '4', 'Amarsinghchowk', '8', '', 'branch', '9/26/22', '9/26/22', '59');
INSERT INTO security_hierarchies (id,isDeleted,code,level,name,parentId,departmentId,type,createdAt,updatedAt,branchId) VALUES ('204', '0', 'Branch_202', '4', 'Arjunchaupari', '8', '', 'branch', '9/27/22', '9/27/22', '202');
INSERT INTO security_hierarchies (id,isDeleted,code,level,name,parentId,departmentId,type,createdAt,updatedAt,branchId) VALUES ('205', '0', 'Branch_50', '4', 'Aanbukhaireni', '8', '', 'branch', '9/28/22', '9/28/22', '50');
INSERT INTO security_hierarchies (id,isDeleted,code,level,name,parentId,departmentId,type,createdAt,updatedAt,branchId) VALUES ('206', '0', 'Branch_33', '4', 'Baglungbazar', '8', '', 'branch', '9/29/22', '9/29/22', '33');
INSERT INTO security_hierarchies (id,isDeleted,code,level,name,parentId,departmentId,type,createdAt,updatedAt,branchId) VALUES ('207', '0', 'Branch_32', '4', 'Benibazar', '8', '', 'branch', '9/30/22', '9/30/22', '32');
INSERT INTO security_hierarchies (id,isDeleted,code,level,name,parentId,departmentId,type,createdAt,updatedAt,branchId) VALUES ('208', '0', 'Branch_53', '4', 'Bhachhek', '8', '', 'branch', '10/1/22', '10/1/22', '53');
INSERT INTO security_hierarchies (id,isDeleted,code,level,name,parentId,departmentId,type,createdAt,updatedAt,branchId) VALUES ('209', '0', 'Branch_52', '4', 'Besishahar', '8', '', 'branch', '10/2/22', '10/2/22', '52');
INSERT INTO security_hierarchies (id,isDeleted,code,level,name,parentId,departmentId,type,createdAt,updatedAt,branchId) VALUES ('210', '0', 'Branch_260', '4', 'Chame', '8', '', 'branch', '10/3/22', '10/3/22', '260');
INSERT INTO security_hierarchies (id,isDeleted,code,level,name,parentId,departmentId,type,createdAt,updatedAt,branchId) VALUES ('211', '0', 'Branch_49', '4', 'Damauli', '8', '', 'branch', '10/4/22', '10/4/22', '49');
INSERT INTO security_hierarchies (id,isDeleted,code,level,name,parentId,departmentId,type,createdAt,updatedAt,branchId) VALUES ('212', '0', 'Branch_63', '4', 'Gaidakot', '8', '', 'branch', '10/5/22', '10/5/22', '63');
INSERT INTO security_hierarchies (id,isDeleted,code,level,name,parentId,departmentId,type,createdAt,updatedAt,branchId) VALUES ('213', '0', 'Branch_182', '4', 'Galyang Bazar', '8', '', 'branch', '10/6/22', '10/6/22', '182');
INSERT INTO security_hierarchies (id,isDeleted,code,level,name,parentId,departmentId,type,createdAt,updatedAt,branchId) VALUES ('214', '0', 'Branch_54', '4', 'Gorkha', '8', '', 'branch', '10/7/22', '10/7/22', '54');
INSERT INTO security_hierarchies (id,isDeleted,code,level,name,parentId,departmentId,type,createdAt,updatedAt,branchId) VALUES ('215', '0', 'Branch_42', '4', 'Kawasoti', '8', '', 'branch', '10/8/22', '10/8/22', '42');
INSERT INTO security_hierarchies (id,isDeleted,code,level,name,parentId,departmentId,type,createdAt,updatedAt,branchId) VALUES ('216', '0', 'Branch_240', '4', 'Khairenitar', '8', '', 'branch', '10/9/22', '10/9/22', '240');
INSERT INTO security_hierarchies (id,isDeleted,code,level,name,parentId,departmentId,type,createdAt,updatedAt,branchId) VALUES ('217', '0', 'Branch_31', '4', 'Kusma', '8', '', 'branch', '10/10/22', '10/10/22', '31');
INSERT INTO security_hierarchies (id,isDeleted,code,level,name,parentId,departmentId,type,createdAt,updatedAt,branchId) VALUES ('218', '0', 'Branch_228', '4', 'Lakeside', '8', '', 'branch', '10/11/22', '10/11/22', '228');
INSERT INTO security_hierarchies (id,isDeleted,code,level,name,parentId,departmentId,type,createdAt,updatedAt,branchId) VALUES ('219', '0', 'Branch_190', '4', 'Lunkhu Deurali', '8', '', 'branch', '10/12/22', '10/12/22', '190');
INSERT INTO security_hierarchies (id,isDeleted,code,level,name,parentId,departmentId,type,createdAt,updatedAt,branchId) VALUES ('220', '0', 'Branch_58', '4', 'Mahendrapul', '8', '', 'branch', '10/13/22', '10/13/22', '58');
INSERT INTO security_hierarchies (id,isDeleted,code,level,name,parentId,departmentId,type,createdAt,updatedAt,branchId) VALUES ('221', '0', 'Branch_208', '4', 'manang', '8', '', 'branch', '10/14/22', '10/14/22', '208');
INSERT INTO security_hierarchies (id,isDeleted,code,level,name,parentId,departmentId,type,createdAt,updatedAt,branchId) VALUES ('222', '0', 'Branch_226', '4', 'Mustang', '8', '', 'branch', '10/15/22', '10/15/22', '226');
INSERT INTO security_hierarchies (id,isDeleted,code,level,name,parentId,departmentId,type,createdAt,updatedAt,branchId) VALUES ('223', '0', 'Branch_55', '4', 'Pardi', '8', '', 'branch', '10/16/22', '10/16/22', '55');
INSERT INTO security_hierarchies (id,isDeleted,code,level,name,parentId,departmentId,type,createdAt,updatedAt,branchId) VALUES ('224', '0', 'Branch_30', '4', 'Patichour', '8', '', 'branch', '10/17/22', '10/17/22', '30');
INSERT INTO security_hierarchies (id,isDeleted,code,level,name,parentId,departmentId,type,createdAt,updatedAt,branchId) VALUES ('225', '0', 'Branch_189', '4', 'Phalebas', '8', '', 'branch', '10/18/22', '10/18/22', '189');
INSERT INTO security_hierarchies (id,isDeleted,code,level,name,parentId,departmentId,type,createdAt,updatedAt,branchId) VALUES ('226', '0', 'Branch_57', '4', 'Prithwichowk', '8', '', 'branch', '10/19/22', '10/19/22', '57');
INSERT INTO security_hierarchies (id,isDeleted,code,level,name,parentId,departmentId,type,createdAt,updatedAt,branchId) VALUES ('227', '0', 'Branch_259', '4', 'Sherabazar', '8', '', 'branch', '10/20/22', '10/20/22', '259');
INSERT INTO security_hierarchies (id,isDeleted,code,level,name,parentId,departmentId,type,createdAt,updatedAt,branchId) VALUES ('228', '0', 'Branch_51', '4', 'Syangjabazar', '8', '', 'branch', '10/21/22', '10/21/22', '51');
INSERT INTO security_hierarchies (id,isDeleted,code,level,name,parentId,departmentId,type,createdAt,updatedAt,branchId) VALUES ('229', '0', 'Branch_56', '4', 'Talchowk', '8', '', 'branch', '10/22/22', '10/22/22', '56');
INSERT INTO security_hierarchies (id,isDeleted,code,level,name,parentId,departmentId,type,createdAt,updatedAt,branchId) VALUES ('230', '0', 'Branch_242', '4', 'Tangikot', '8', '', 'branch', '10/23/22', '10/23/22', '242');
INSERT INTO security_hierarchies (id,isDeleted,code,level,name,parentId,departmentId,type,createdAt,updatedAt,branchId) VALUES ('231', '0', 'Branch_188', '4', 'Triveni', '8', '', 'branch', '10/24/22', '10/24/22', '188');
INSERT INTO security_hierarchies (id,isDeleted,code,level,name,parentId,departmentId,type,createdAt,updatedAt,branchId) VALUES ('232', '0', 'Branch_24', '4', 'Lumbini proviencial office Nepalgunj', '9', '', 'branch', '10/25/22', '10/25/22', '24');
INSERT INTO security_hierarchies (id,isDeleted,code,level,name,parentId,departmentId,type,createdAt,updatedAt,branchId) VALUES ('233', '0', 'Branch_38', '4', 'Aryabhanjyang', '9', '', 'branch', '10/26/22', '10/26/22', '38');
INSERT INTO security_hierarchies (id,isDeleted,code,level,name,parentId,departmentId,type,createdAt,updatedAt,branchId) VALUES ('234', '0', 'Branch_177', '4', 'Banganga', '9', '', 'branch', '10/27/22', '10/27/22', '177');
INSERT INTO security_hierarchies (id,isDeleted,code,level,name,parentId,departmentId,type,createdAt,updatedAt,branchId) VALUES ('235', '0', 'Branch_233', '4', 'Bansgadhi', '9', '', 'branch', '10/28/22', '10/28/22', '233');
INSERT INTO security_hierarchies (id,isDeleted,code,level,name,parentId,departmentId,type,createdAt,updatedAt,branchId) VALUES ('236', '0', 'Branch_43', '4', 'Bardaghat', '9', '', 'branch', '10/29/22', '10/29/22', '43');
INSERT INTO security_hierarchies (id,isDeleted,code,level,name,parentId,departmentId,type,createdAt,updatedAt,branchId) VALUES ('237', '0', 'Branch_48', '4', 'Bhairahawa', '9', '', 'branch', '10/30/22', '10/30/22', '48');
INSERT INTO security_hierarchies (id,isDeleted,code,level,name,parentId,departmentId,type,createdAt,updatedAt,branchId) VALUES ('238', '0', 'Branch_21', '4', 'Bhurigaun', '9', '', 'branch', '10/31/22', '10/31/22', '21');
INSERT INTO security_hierarchies (id,isDeleted,code,level,name,parentId,departmentId,type,createdAt,updatedAt,branchId) VALUES ('239', '0', 'Branch_27', '4', 'Bijuwar', '9', '', 'branch', '11/1/22', '11/1/22', '27');
INSERT INTO security_hierarchies (id,isDeleted,code,level,name,parentId,departmentId,type,createdAt,updatedAt,branchId) VALUES ('240', '0', 'Branch_44', '4', 'Butwal Khasauli', '9', '', 'branch', '11/2/22', '11/2/22', '44');
INSERT INTO security_hierarchies (id,isDeleted,code,level,name,parentId,departmentId,type,createdAt,updatedAt,branchId) VALUES ('241', '0', 'Branch_243', '4', 'Chandrauta', '9', '', 'branch', '11/3/22', '11/3/22', '243');
INSERT INTO security_hierarchies (id,isDeleted,code,level,name,parentId,departmentId,type,createdAt,updatedAt,branchId) VALUES ('242', '0', 'Branch_235', '4', 'Ghorahi', '9', '', 'branch', '11/4/22', '11/4/22', '235');
INSERT INTO security_hierarchies (id,isDeleted,code,level,name,parentId,departmentId,type,createdAt,updatedAt,branchId) VALUES ('243', '0', 'Branch_22', '4', 'Gulariya', '9', '', 'branch', '11/5/22', '11/5/22', '22');
INSERT INTO security_hierarchies (id,isDeleted,code,level,name,parentId,departmentId,type,createdAt,updatedAt,branchId) VALUES ('244', '0', 'Branch_35', '4', 'Gulmi', '9', '', 'branch', '11/6/22', '11/6/22', '35');
INSERT INTO security_hierarchies (id,isDeleted,code,level,name,parentId,departmentId,type,createdAt,updatedAt,branchId) VALUES ('245', '0', 'Branch_198', '4', 'Harthok', '9', '', 'branch', '11/7/22', '11/7/22', '198');
INSERT INTO security_hierarchies (id,isDeleted,code,level,name,parentId,departmentId,type,createdAt,updatedAt,branchId) VALUES ('246', '0', 'Branch_152', '4', 'Holeri', '9', '', 'branch', '11/8/22', '11/8/22', '152');
INSERT INTO security_hierarchies (id,isDeleted,code,level,name,parentId,departmentId,type,createdAt,updatedAt,branchId) VALUES ('247', '0', 'Branch_176', '4', 'Khajura', '9', '', 'branch', '11/9/22', '11/9/22', '176');
INSERT INTO security_hierarchies (id,isDeleted,code,level,name,parentId,departmentId,type,createdAt,updatedAt,branchId) VALUES ('248', '0', 'Branch_23', '4', 'Kohalpur', '9', '', 'branch', '11/10/22', '11/10/22', '23');
INSERT INTO security_hierarchies (id,isDeleted,code,level,name,parentId,departmentId,type,createdAt,updatedAt,branchId) VALUES ('249', '0', 'Branch_40', '4', 'Kotihawa', '9', '', 'branch', '11/11/22', '11/11/22', '40');
INSERT INTO security_hierarchies (id,isDeleted,code,level,name,parentId,departmentId,type,createdAt,updatedAt,branchId) VALUES ('250', '0', 'Branch_28', '4', 'Lamahi', '9', '', 'branch', '11/12/22', '11/12/22', '28');
INSERT INTO security_hierarchies (id,isDeleted,code,level,name,parentId,departmentId,type,createdAt,updatedAt,branchId) VALUES ('251', '0', 'Branch_26', '4', 'Narayanpur', '9', '', 'branch', '11/13/22', '11/13/22', '26');
INSERT INTO security_hierarchies (id,isDeleted,code,level,name,parentId,departmentId,type,createdAt,updatedAt,branchId) VALUES ('252', '0', 'Branch_25', '4', 'Nepalgunj', '9', '', 'branch', '11/14/22', '11/14/22', '25');
INSERT INTO security_hierarchies (id,isDeleted,code,level,name,parentId,departmentId,type,createdAt,updatedAt,branchId) VALUES ('253', '0', 'Branch_37', '4', 'Palpa', '9', '', 'branch', '11/15/22', '11/15/22', '37');
INSERT INTO security_hierarchies (id,isDeleted,code,level,name,parentId,departmentId,type,createdAt,updatedAt,branchId) VALUES ('254', '0', 'Branch_46', '4', 'Parasi', '9', '', 'branch', '11/16/22', '11/16/22', '46');
INSERT INTO security_hierarchies (id,isDeleted,code,level,name,parentId,departmentId,type,createdAt,updatedAt,branchId) VALUES ('255', '0', 'Branch_241', '4', 'Purtighat', '9', '', 'branch', '11/17/22', '11/17/22', '241');
INSERT INTO security_hierarchies (id,isDeleted,code,level,name,parentId,departmentId,type,createdAt,updatedAt,branchId) VALUES ('256', '0', 'Branch_265', '4', 'Pyuthan', '9', '', 'branch', '11/18/22', '11/18/22', '265');
INSERT INTO security_hierarchies (id,isDeleted,code,level,name,parentId,departmentId,type,createdAt,updatedAt,branchId) VALUES ('257', '0', 'Branch_41', '4', 'Ramnagarbazar', '9', '', 'branch', '11/19/22', '11/19/22', '41');
INSERT INTO security_hierarchies (id,isDeleted,code,level,name,parentId,departmentId,type,createdAt,updatedAt,branchId) VALUES ('258', '0', 'Branch_34', '4', 'Rampur', '9', '', 'branch', '11/20/22', '11/20/22', '34');
INSERT INTO security_hierarchies (id,isDeleted,code,level,name,parentId,departmentId,type,createdAt,updatedAt,branchId) VALUES ('259', '0', 'Branch_229', '4', 'Ridibazaar', '9', '', 'branch', '11/21/22', '11/21/22', '229');
INSERT INTO security_hierarchies (id,isDeleted,code,level,name,parentId,departmentId,type,createdAt,updatedAt,branchId) VALUES ('260', '0', 'Branch_261', '4', 'Rolpa', '9', '', 'branch', '11/22/22', '11/22/22', '261');
INSERT INTO security_hierarchies (id,isDeleted,code,level,name,parentId,departmentId,type,createdAt,updatedAt,branchId) VALUES ('261', '0', 'Branch_225', '4', 'Rukumkot', '9', '', 'branch', '11/23/22', '11/23/22', '225');
INSERT INTO security_hierarchies (id,isDeleted,code,level,name,parentId,departmentId,type,createdAt,updatedAt,branchId) VALUES ('262', '0', 'Branch_36', '4', 'Sandhikharka', '9', '', 'branch', '11/24/22', '11/24/22', '36');
INSERT INTO security_hierarchies (id,isDeleted,code,level,name,parentId,departmentId,type,createdAt,updatedAt,branchId) VALUES ('263', '0', 'Branch_45', '4', 'Sukkhabandargaha Bhairahawa', '9', '', 'branch', '11/25/22', '11/25/22', '45');
INSERT INTO security_hierarchies (id,isDeleted,code,level,name,parentId,departmentId,type,createdAt,updatedAt,branchId) VALUES ('264', '0', 'Branch_47', '4', 'Sunwal', '9', '', 'branch', '11/26/22', '11/26/22', '47');
INSERT INTO security_hierarchies (id,isDeleted,code,level,name,parentId,departmentId,type,createdAt,updatedAt,branchId) VALUES ('265', '0', 'Branch_187', '4', 'Surajpura', '9', '', 'branch', '11/27/22', '11/27/22', '187');
INSERT INTO security_hierarchies (id,isDeleted,code,level,name,parentId,departmentId,type,createdAt,updatedAt,branchId) VALUES ('266', '0', 'Branch_39', '4', 'Taulihawa', '9', '', 'branch', '11/28/22', '11/28/22', '39');
INSERT INTO security_hierarchies (id,isDeleted,code,level,name,parentId,departmentId,type,createdAt,updatedAt,branchId) VALUES ('267', '0', 'Branch_199', '4', 'Thada', '9', '', 'branch', '11/29/22', '11/29/22', '199');
INSERT INTO security_hierarchies (id,isDeleted,code,level,name,parentId,departmentId,type,createdAt,updatedAt,branchId) VALUES ('268', '0', 'Branch_19', '4', 'Tribhuwanchowk', '9', '', 'branch', '11/30/22', '11/30/22', '19');
INSERT INTO security_hierarchies (id,isDeleted,code,level,name,parentId,departmentId,type,createdAt,updatedAt,branchId) VALUES ('269', '0', 'Branch_29', '4', 'Tulsipur', '9', '', 'branch', '12/1/22', '12/1/22', '29');
INSERT INTO security_hierarchies (id,isDeleted,code,level,name,parentId,departmentId,type,createdAt,updatedAt,branchId) VALUES ('270', '0', 'Branch_249', '4', 'Karnali proviencial office Surkhet', '10', '', 'branch', '12/2/22', '12/2/22', '249');
INSERT INTO security_hierarchies (id,isDeleted,code,level,name,parentId,departmentId,type,createdAt,updatedAt,branchId) VALUES ('271', '0', 'Branch_203', '4', 'Bidhyapur', '10', '', 'branch', '12/3/22', '12/3/22', '203');
INSERT INTO security_hierarchies (id,isDeleted,code,level,name,parentId,departmentId,type,createdAt,updatedAt,branchId) VALUES ('272', '0', 'Branch_255', '4', 'Birendranagar', '10', '', 'branch', '12/4/22', '12/4/22', '255');
INSERT INTO security_hierarchies (id,isDeleted,code,level,name,parentId,departmentId,type,createdAt,updatedAt,branchId) VALUES ('273', '0', 'Branch_20', '4', 'Chaurjahari', '10', '', 'branch', '12/5/22', '12/5/22', '20');
INSERT INTO security_hierarchies (id,isDeleted,code,level,name,parentId,departmentId,type,createdAt,updatedAt,branchId) VALUES ('274', '0', 'Branch_251', '4', 'Chharkatangsong', '10', '', 'branch', '12/6/22', '12/6/22', '251');
INSERT INTO security_hierarchies (id,isDeleted,code,level,name,parentId,departmentId,type,createdAt,updatedAt,branchId) VALUES ('275', '0', 'Branch_16', '4', 'Dailekh', '10', '', 'branch', '12/7/22', '12/7/22', '16');
INSERT INTO security_hierarchies (id,isDeleted,code,level,name,parentId,departmentId,type,createdAt,updatedAt,branchId) VALUES ('276', '0', 'Branch_252', '4', 'Dolpobuddha', '10', '', 'branch', '12/8/22', '12/8/22', '252');
INSERT INTO security_hierarchies (id,isDeleted,code,level,name,parentId,departmentId,type,createdAt,updatedAt,branchId) VALUES ('277', '0', 'Branch_18', '4', 'Dullu', '10', '', 'branch', '12/9/22', '12/9/22', '18');
INSERT INTO security_hierarchies (id,isDeleted,code,level,name,parentId,departmentId,type,createdAt,updatedAt,branchId) VALUES ('278', '0', 'Branch_220', '4', 'Dunai', '10', '', 'branch', '12/10/22', '12/10/22', '220');
INSERT INTO security_hierarchies (id,isDeleted,code,level,name,parentId,departmentId,type,createdAt,updatedAt,branchId) VALUES ('279', '0', 'Branch_224', '4', 'Jajarkot', '10', '', 'branch', '12/11/22', '12/11/22', '224');
INSERT INTO security_hierarchies (id,isDeleted,code,level,name,parentId,departmentId,type,createdAt,updatedAt,branchId) VALUES ('280', '0', 'Branch_14', '4', 'Jumla', '10', '', 'branch', '12/12/22', '12/12/22', '14');
INSERT INTO security_hierarchies (id,isDeleted,code,level,name,parentId,departmentId,type,createdAt,updatedAt,branchId) VALUES ('281', '0', 'Branch_183', '4', 'Luham', '10', '', 'branch', '12/13/22', '12/13/22', '183');
INSERT INTO security_hierarchies (id,isDeleted,code,level,name,parentId,departmentId,type,createdAt,updatedAt,branchId) VALUES ('282', '0', 'Branch_15', '4', 'Manma', '10', '', 'branch', '12/14/22', '12/14/22', '15');
INSERT INTO security_hierarchies (id,isDeleted,code,level,name,parentId,departmentId,type,createdAt,updatedAt,branchId) VALUES ('283', '0', 'Branch_192', '4', 'Mehelkuna', '10', '', 'branch', '12/15/22', '12/15/22', '192');
INSERT INTO security_hierarchies (id,isDeleted,code,level,name,parentId,departmentId,type,createdAt,updatedAt,branchId) VALUES ('284', '0', 'Branch_212', '4', 'Mudkechula', '10', '', 'branch', '12/16/22', '12/16/22', '212');
INSERT INTO security_hierarchies (id,isDeleted,code,level,name,parentId,departmentId,type,createdAt,updatedAt,branchId) VALUES ('285', '0', 'Branch_161', '4', 'Mugu', '10', '', 'branch', '12/17/22', '12/17/22', '161');
INSERT INTO security_hierarchies (id,isDeleted,code,level,name,parentId,departmentId,type,createdAt,updatedAt,branchId) VALUES ('286', '0', 'Branch_232', '4', 'Mugum Karmarong', '10', '', 'branch', '12/18/22', '12/18/22', '232');
INSERT INTO security_hierarchies (id,isDeleted,code,level,name,parentId,departmentId,type,createdAt,updatedAt,branchId) VALUES ('287', '0', 'Branch_270', '4', 'Salyan', '10', '', 'branch', '12/19/22', '12/19/22', '270');
INSERT INTO security_hierarchies (id,isDeleted,code,level,name,parentId,departmentId,type,createdAt,updatedAt,branchId) VALUES ('288', '0', 'Branch_160', '4', 'Simikot', '10', '', 'branch', '12/20/22', '12/20/22', '160');
INSERT INTO security_hierarchies (id,isDeleted,code,level,name,parentId,departmentId,type,createdAt,updatedAt,branchId) VALUES ('289', '0', 'Branch_218', '4', 'Soru', '10', '', 'branch', '12/21/22', '12/21/22', '218');
INSERT INTO security_hierarchies (id,isDeleted,code,level,name,parentId,departmentId,type,createdAt,updatedAt,branchId) VALUES ('290', '0', 'Branch_17', '4', 'Surkhet', '10', '', 'branch', '12/22/22', '12/22/22', '17');
INSERT INTO security_hierarchies (id,isDeleted,code,level,name,parentId,departmentId,type,createdAt,updatedAt,branchId) VALUES ('291', '0', 'Branch_154', '4', 'Baitadi', '11', '', 'branch', '12/23/22', '12/23/22', '154');
INSERT INTO security_hierarchies (id,isDeleted,code,level,name,parentId,departmentId,type,createdAt,updatedAt,branchId) VALUES ('292', '0', 'Branch_250', '4', 'Sudurpaschim proviencial office Dhangadhi', '11', '', 'branch', '12/24/22', '12/24/22', '250');
INSERT INTO security_hierarchies (id,isDeleted,code,level,name,parentId,departmentId,type,createdAt,updatedAt,branchId) VALUES ('293', '0', 'Branch_158', '4', 'Bajhang', '11', '', 'branch', '12/25/22', '12/25/22', '158');
INSERT INTO security_hierarchies (id,isDeleted,code,level,name,parentId,departmentId,type,createdAt,updatedAt,branchId) VALUES ('294', '0', 'Branch_12', '4', 'Attariya', '11', '', 'branch', '12/26/22', '12/26/22', '12');
INSERT INTO security_hierarchies (id,isDeleted,code,level,name,parentId,departmentId,type,createdAt,updatedAt,branchId) VALUES ('295', '0', 'Branch_150', '4', 'Bajura', '11', '', 'branch', '12/27/22', '12/27/22', '150');
INSERT INTO security_hierarchies (id,isDeleted,code,level,name,parentId,departmentId,type,createdAt,updatedAt,branchId) VALUES ('296', '0', 'Branch_193', '4', 'Bayalpata', '11', '', 'branch', '12/28/22', '12/28/22', '193');
INSERT INTO security_hierarchies (id,isDeleted,code,level,name,parentId,departmentId,type,createdAt,updatedAt,branchId) VALUES ('297', '0', 'Branch_11', '4', 'Bhajani', '11', '', 'branch', '12/29/22', '12/29/22', '11');
INSERT INTO security_hierarchies (id,isDeleted,code,level,name,parentId,departmentId,type,createdAt,updatedAt,branchId) VALUES ('298', '0', 'Branch_194', '4', 'Chaumala', '11', '', 'branch', '12/30/22', '12/30/22', '194');
INSERT INTO security_hierarchies (id,isDeleted,code,level,name,parentId,departmentId,type,createdAt,updatedAt,branchId) VALUES ('299', '0', 'Branch_227', '4', 'Campusroad Dhangadi', '11', '', 'branch', '12/31/22', '12/31/22', '227');
INSERT INTO security_hierarchies (id,isDeleted,code,level,name,parentId,departmentId,type,createdAt,updatedAt,branchId) VALUES ('300', '0', 'Branch_156', '4', 'Dadeldhura', '11', '', 'branch', '1/1/23', '1/1/23', '156');
INSERT INTO security_hierarchies (id,isDeleted,code,level,name,parentId,departmentId,type,createdAt,updatedAt,branchId) VALUES ('301', '0', 'Branch_153', '4', 'Darchula', '11', '', 'branch', '1/2/23', '1/2/23', '153');
INSERT INTO security_hierarchies (id,isDeleted,code,level,name,parentId,departmentId,type,createdAt,updatedAt,branchId) VALUES ('302', '0', 'Branch_13', '4', 'Dhangadhi', '11', '', 'branch', '1/3/23', '1/3/23', '13');
INSERT INTO security_hierarchies (id,isDeleted,code,level,name,parentId,departmentId,type,createdAt,updatedAt,branchId) VALUES ('303', '0', 'Branch_173', '4', 'Dipayal', '11', '', 'branch', '1/4/23', '1/4/23', '173');
INSERT INTO security_hierarchies (id,isDeleted,code,level,name,parentId,departmentId,type,createdAt,updatedAt,branchId) VALUES ('304', '0', 'Branch_157', '4', 'Doti', '11', '', 'branch', '1/5/23', '1/5/23', '157');
INSERT INTO security_hierarchies (id,isDeleted,code,level,name,parentId,departmentId,type,createdAt,updatedAt,branchId) VALUES ('305', '0', 'Branch_219', '4', 'Hasuliya', '11', '', 'branch', '1/6/23', '1/6/23', '219');
INSERT INTO security_hierarchies (id,isDeleted,code,level,name,parentId,departmentId,type,createdAt,updatedAt,branchId) VALUES ('306', '0', 'Branch_180', '4', 'Kolti', '11', '', 'branch', '1/7/23', '1/7/23', '180');
INSERT INTO security_hierarchies (id,isDeleted,code,level,name,parentId,departmentId,type,createdAt,updatedAt,branchId) VALUES ('307', '0', 'Branch_151', '4', 'Lamki', '11', '', 'branch', '1/8/23', '1/8/23', '151');
INSERT INTO security_hierarchies (id,isDeleted,code,level,name,parentId,departmentId,type,createdAt,updatedAt,branchId) VALUES ('308', '0', 'Branch_10', '4', 'Mahendranagar', '11', '', 'branch', '1/9/23', '1/9/23', '10');
INSERT INTO security_hierarchies (id,isDeleted,code,level,name,parentId,departmentId,type,createdAt,updatedAt,branchId) VALUES ('309', '0', 'Branch_159', '4', 'Mangalsen', '11', '', 'branch', '1/10/23', '1/10/23', '159');
INSERT INTO security_hierarchies (id,isDeleted,code,level,name,parentId,departmentId,type,createdAt,updatedAt,branchId) VALUES ('310', '0', 'Branch_206', '4', 'Masta', '11', '', 'branch', '1/11/23', '1/11/23', '206');
INSERT INTO security_hierarchies (id,isDeleted,code,level,name,parentId,departmentId,type,createdAt,updatedAt,branchId) VALUES ('311', '0', 'Branch_253', '4', 'Satti', '11', '', 'branch', '1/12/23', '1/12/23', '253');
INSERT INTO security_hierarchies (id,isDeleted,code,level,name,parentId,departmentId,type,createdAt,updatedAt,branchId) VALUES ('312', '0', 'Branch_172', '4', 'Shivasarojsthal', '11', '', 'branch', '1/13/23', '1/13/23', '172');
INSERT INTO security_hierarchies (id,isDeleted,code,level,name,parentId,departmentId,type,createdAt,updatedAt,branchId) VALUES ('313', '0', 'Branch_155', '4', 'Shripur Belauri', '11', '', 'branch', '1/14/23', '1/14/23', '155');
INSERT INTO security_hierarchies (id,isDeleted,code,level,name,parentId,departmentId,type,createdAt,updatedAt,branchId) VALUES ('314', '0', 'Branch_148', '4', 'MBO Kathmandu', '7', '', 'branch', '1/15/23', '1/15/23', '148');
INSERT INTO security_hierarchies (id,isDeleted,code,level,name,parentId,departmentId,type,createdAt,updatedAt,branchId) VALUES ('315', '0', 'Branch_181', '4', 'Corporate Branch', '7', '', 'branch', '1/16/23', '1/16/23', '181');
SET IDENTITY_INSERT [dbo].[security_hierarchies] OFF




