'02000105201001',
'02000105201002',
'02000105201005',
'02000105201007',
'02000105201008',
'02000105201009',
'02000105201011',
'02000105201012',
'02000105201013',
'02000105201015',
'02000105201016',
'02000105201017',
'02000105201019',
'02000105201021',
'02000105201023',
'02000105201024',
'02000105201025',
'02000105201026',
'02000105201029',
'02000105201031',
'02000105201032',
'02000105201034',
'02000105201035',
'02000105201039',
'02000105201040',
'02000105201042',
'02000105201043',
'02000105201044',
'02000105201045',
'02000105201046',
'02000105201047',
'02000105201048',
'02000105201049',
'02000105201050',
'02000105201051',
'02000105201052',
'02000105201054',
'02000105201055',
'02000105201056',
'02000105201057',
'02000105201058',
'02000105201059',
'02000105201060',
'02000105201061',
'02000105201062',
'02000105201063',
'02000105201064',
'02000105201065',
'02000105201066',
'02000105201067',
'02000105201068',
'02000105201069',
'02000105201070',
'02000105201071',
'02000105201072',
'02000105000059',
'02000105000097',
'02000105000098',
'02000105000102',
'02000105000109',
'02000105000110',
'02000105000017',
'02000105000022',
'02000105000023',
'02000101000024',
'02000105000116',
'02000105000039',
'02000105000042',
'02000105000062',
'02000105000073',
'02000105000028',
'02000105000033',
'02000105000127',
'02000105000128',
'02000105000135',
'02000105000146',
'02000105000153',
'02000105000155'
